CREATE DATABASE  IF NOT EXISTS `kiosk` /*!40100 DEFAULT CHARACTER SET utf8mb4 COLLATE utf8mb4_unicode_ci */ /*!80016 DEFAULT ENCRYPTION='N' */;
USE `kiosk`;
-- MySQL dump 10.13  Distrib 8.0.34, for Win64 (x86_64)
--
-- Host: 127.0.0.1    Database: kiosk
-- ------------------------------------------------------
-- Server version	8.0.34

/*!40101 SET @OLD_CHARACTER_SET_CLIENT=@@CHARACTER_SET_CLIENT */;
/*!40101 SET @OLD_CHARACTER_SET_RESULTS=@@CHARACTER_SET_RESULTS */;
/*!40101 SET @OLD_COLLATION_CONNECTION=@@COLLATION_CONNECTION */;
/*!50503 SET NAMES utf8 */;
/*!40103 SET @OLD_TIME_ZONE=@@TIME_ZONE */;
/*!40103 SET TIME_ZONE='+00:00' */;
/*!40014 SET @OLD_UNIQUE_CHECKS=@@UNIQUE_CHECKS, UNIQUE_CHECKS=0 */;
/*!40014 SET @OLD_FOREIGN_KEY_CHECKS=@@FOREIGN_KEY_CHECKS, FOREIGN_KEY_CHECKS=0 */;
/*!40101 SET @OLD_SQL_MODE=@@SQL_MODE, SQL_MODE='NO_AUTO_VALUE_ON_ZERO' */;
/*!40111 SET @OLD_SQL_NOTES=@@SQL_NOTES, SQL_NOTES=0 */;

--
-- Table structure for table `img`
--

DROP TABLE IF EXISTS `img`;
/*!40101 SET @saved_cs_client     = @@character_set_client */;
/*!50503 SET character_set_client = utf8mb4 */;
CREATE TABLE `img` (
  `Img_num` int NOT NULL,
  `Picture` varchar(255) DEFAULT NULL,
  PRIMARY KEY (`Img_num`),
  CONSTRAINT `menu` FOREIGN KEY (`Img_num`) REFERENCES `tb_menu_e` (`Menu_Num`),
  CONSTRAINT `Menu_Num` FOREIGN KEY (`Img_num`) REFERENCES `tb_menu` (`Menu_Num`)
) ENGINE=InnoDB DEFAULT CHARSET=utf8mb4 COLLATE=utf8mb4_0900_ai_ci;
/*!40101 SET character_set_client = @saved_cs_client */;

--
-- Dumping data for table `img`
--

LOCK TABLES `img` WRITE;
/*!40000 ALTER TABLE `img` DISABLE KEYS */;
INSERT INTO `img` VALUES (101,'/image_path/Espresso.jpg'),(102,'/image_path/Espresso Macchiato.jpg'),(103,'/image_path/Espresso Con Panna.jpg'),(104,'/image_path/Affogato original.jpg'),(105,'/image_path/(L) Cafe Americano.jpg'),(106,'/image_path/(L) Cafe Latte.jpg'),(107,'/image_path/(L) Condensed Mlik Caffe Latte.jpg'),(108,'/image_path/(L) Vanilla Latte.jpg'),(109,'/image_path/(L) Caramel Macchiato.jpg'),(110,'/image_path/(L) Cafe Mocha.jpg'),(111,'/image_path/(L) Mint Mocha.jpg'),(112,'/image_path/(L) White Chocolate Mocha.jpg'),(113,'/image_path/(L) Cappuccino.jpg'),(114,'/image_path/(L) ICED Nuts Cream Latte.jpg'),(201,'/image_path/Chocolate.jpg'),(202,'/image_path/Mint Chocolate.jpg'),(203,'/image_path/Green Tea Latte.jpg'),(204,'/image_path/Toffee Nut Latte.jpg'),(205,'/image_path/ICED Dalgona Latte.jpg'),(206,'/image_path/ICED Black Sugar Latte.jpg'),(207,'/image_path/ICED Bubble Black Sugar Latte.jpg'),(208,'/image_path/Milk Tea.jpg'),(209,'/image_path/ICED Bubble Cream Milk Tea.jpg'),(210,'/image_path/HOT Twelve-Grain Latte.jpg'),(211,'/image_path/Sweet Potato Latte.jpg'),(213,'/image_path/Ginger Tea.jpg'),(214,'/image_path/Black Herbal Tea.jpg'),(215,'/image_path/Gold Kiwi Juice.jpg'),(216,'/image_path/Strawberry Juice.jpg'),(217,'/image_path/Soft Persimmon Juice.jpg'),(301,'/image_path/Green Rooibos.jpg'),(302,'/image_path/Shine Hibiscus.jpg'),(303,'/image_path/Spring Chamomile.jpg'),(304,'/image_path/Pure Peppermint.jpg'),(305,'/image_path/Peach Earl Grey.jpg'),(306,'/image_path/ICED Sweet Rice Drink.jpg'),(307,'/image_path/Pomegranate Tea.jpg'),(308,'/image_path/Pomegranate Apple Lime.jpg'),(309,'/image_path/Citron Tea.jpg'),(310,'/image_path/Citron Pina Colada.jpg'),(311,'/image_path/GrapeFruit Tea.jpg'),(312,'/image_path/Grapefruit Navel Orange.jpg'),(313,'/image_path/Lemon Ice Tea.jpg'),(314,'/image_path/Peach Ice Tea.jpg'),(401,'/image_path/My Melody Strawberry Flatccino.jpg'),(402,'/image_path/Pompompurin Choux Cream Flatccion.jpg'),(403,'/image_path/Mango Flatccino.jpg'),(404,'/image_path/Peach Flatccino.jpg'),(405,'/image_path/Plain Yogurt Flatccino.jpg'),(406,'/image_path/Strawberry Yogurt Flatccino.jpg'),(407,'/image_path/Blueberry Yogurt Flatccino.jpg'),(408,'/image_path/Chocolate Chip Flatccino.jpg'),(409,'/image_path/Mint Chocolate Chip Flatccino.jpg'),(501,'/image_path/(EX) Kuromi Mango Peach Ade.jpg'),(502,'/image_path/Blue Moon Ade.jpg'),(503,'/image_path/Lemonade.jpg'),(504,'/image_path/Grapefruit Ade.jpg'),(505,'/image_path/Green Grape Ade.jpg'),(506,'/image_path/Origin Shake.jpg'),(507,'/image_path/Pistachio Shake.jpg'),(508,'/image_path/Strawberry Shake.jpg'),(509,'/image_path/Double Chocolate Chip Shake.jpg'),(510,'/image_path/Chocolate Cookie Shake.jpg'),(601,'/image_path/Double Berry Yogurt Granola.jpg'),(602,'/image_path/Apple Mango Yogurt Granola.jpg'),(603,'/image_path/Red bean Injeolmi.jpg'),(604,'/image_path/Black Sesame Crunch.jpg'),(605,'/image_path/Apple Mango.jpg'),(606,'/image_path/Red bean Snow Injeolmi.jpg'),(607,'/image_path/Yakgwa Cream Cheese Cookie.jpg'),(608,'/image_path/Yakgwa Butter Bar.jpg'),(609,'/image_path/Butter Pancake.jpg'),(610,'/image_path/Rice Cheese Ball Hot Detroit Dip Sauce.jpg'),(611,'/image_path/Rice Cheese Ball Miso Butter Dip Sauce.jpg'),(612,'/image_path/Salted Butter Scone.jpg'),(613,'/image_path/Salted Butter Roll.jpg'),(614,'/image_path/Sausage Basil Salted Butter Roll.jpg'),(615,'/image_path/Black Seame Red Bean Bungeo-ppang.jpg'),(616,'/image_path/Black Seame Custard Cream Bungeo-ppang.jpg'),(617,'/image_path/Chocolate Pretzel Mini.jpg'),(618,'/image_path/Bacon Potato Square Pizza.jpg'),(619,'/image_path/Hawaiian Sqwuare Pizza.jpg'),(620,'/image_path/Spcicy Chicken Sweet Potato Square Pizza.jpg'),(621,'/image_path/Honey Oranda.jpg'),(622,'/image_path/Double Churros.jpg'),(623,'/image_path/Chocolate Dip.jpg'),(624,'/image_path/Toffe Nut Ice Cream Croiffle.jpg'),(625,'/image_path/Toffe Nut Twisted Croissant.jpg'),(626,'/image_path/Protein Bar Chocolate Cookie.jpg'),(627,'/image_path/Vitamin Bar Greek Yogurt.jpg'),(628,'/image_path/Plain Croiffle.jpg'),(629,'/image_path/Plain Twisted Croissant.jpg'),(630,'/image_path/Creamy Choco Potato Cookie.jpg'),(631,'/image_path/Creamy Cheese Grain Cookie.jpg'),(632,'/image_path/Dried Sweet Potato.jpg'),(633,'/image_path/Mini Coco Crunch.jpg'),(634,'/image_path/Vanilla Wafers.jpg'),(635,'/image_path/Mini Pretzel Stir-fried Seafood.jpg'),(636,'/image_path/Mini Pretzel Wasabi.jpg'),(637,'/image_path/Icecone Chocolate.jpg'),(638,'/image_path/Icecone Yogurt.jpg'),(639,'/image_path/Spicy Rose Grilled Rice Ball.jpg'),(640,'/image_path/Carbonara Grilled Rice Ball.jpg'),(641,'/image_path/Mushroom Soup.jpg'),(642,'/image_path/Corn Soup.jpg'),(643,'/image_path/Chocolat Chunk Cookie.jpg'),(644,'/image_path/White Chocolat Macadamia Cookie.jpg'),(645,'/image_path/Chocolate Macaroon.jpg'),(646,'/image_path/Raspberry Macaroon.jpg'),(647,'/image_path/Vanilla Macaroon.jpg'),(648,'/image_path/StrawBerry Cheese Macaron.jpg'),(649,'/image_path/Earl Grey Chocolate Macaron.jpg'),(650,'/image_path/Cookie and Cream Macaron.jpg'),(651,'/image_path/Ediya E-Nuts.jpg'),(652,'/image_path/Ham and cheese Sandwich.jpg'),(653,'/image_path/Egg Bacon Guacamole Sandwich.jpg'),(654,'/image_path/Pepperoni Pizza Sandwich.jpg'),(655,'/image_path/Choco Tiramisu Cake.jpg'),(656,'/image_path/Soufle Cheese Cake.jpg'),(657,'/image_path/Devils Choco Cake .jpg'),(658,'/image_path/Spoon up Tiramisu.jpg'),(659,'/image_path/Mille crepe Cake.jpg'),(660,'/image_path/Hot Chicken Burrito.jpg'),(661,'/image_path/Bulgogi Burrito.jpg'),(662,'/image_path/Maple Nut Bread.jpg'),(663,'/image_path/Honey Caramel Bread.jpg'),(664,'/image_path/Garlic Cheese Bread.jpg'),(665,'/image_path/Whipped Cream Waffle.jpg'),(666,'/image_path/Original Hot Bun.jpg'),(667,'/image_path/Plain Waffle.jpg'),(668,'/image_path/Dalgona Icecream Waffle.jpg'),(669,'/image_path/Prezle.jpg'),(670,'/image_path/Blueberry Bagel.jpg'),(671,'/image_path/Plain Bagel.jpg'),(672,'/image_path/Onion Bagel.jpg'),(673,'/image_path/Plain Cheese Stick Cake.jpg'),(674,'/image_path/Blueberry Stick Cake.jpg'),(675,'/image_path/Snow Cookie Choux.jpg'),(676,'/image_path/Chocolate Chip Muffin.jpg'),(677,'/image_path/Cream Cheese Muffin.jpg'),(678,'/image_path/Blueberry Muffin.jpg'),(679,'/image_path/Maple Waffle.jpg'),(680,'/image_path/Cream Cheese Waffle.jpg'),(681,'/image_path/Croque Monsieur.jpg'),(682,'/image_path/English Muffin.jpg'),(683,'/image_path/Croissant.jpg'),(684,'/image_path/Hot Cheese Bun.jpg');
/*!40000 ALTER TABLE `img` ENABLE KEYS */;
UNLOCK TABLES;

--
-- Table structure for table `tb_allegy`
--

DROP TABLE IF EXISTS `tb_allegy`;
/*!40101 SET @saved_cs_client     = @@character_set_client */;
/*!50503 SET character_set_client = utf8mb4 */;
CREATE TABLE `tb_allegy` (
  `Allegy_Num` int NOT NULL,
  `Allegy_Name` varchar(20) CHARACTER SET utf8mb4 COLLATE utf8mb4_unicode_ci DEFAULT NULL,
  PRIMARY KEY (`Allegy_Num`)
) ENGINE=InnoDB DEFAULT CHARSET=utf8mb4 COLLATE=utf8mb4_unicode_ci;
/*!40101 SET character_set_client = @saved_cs_client */;

--
-- Dumping data for table `tb_allegy`
--

LOCK TABLES `tb_allegy` WRITE;
/*!40000 ALTER TABLE `tb_allegy` DISABLE KEYS */;
INSERT INTO `tb_allegy` VALUES (1,'난류'),(2,'우유'),(3,'메밀'),(4,'땅콩'),(5,'대두'),(6,'밀'),(7,'고등어'),(8,'게'),(9,'새우'),(10,'돼지고기'),(11,'복숭아'),(12,'토마토'),(13,'아황산류'),(14,'호두'),(15,'닭고기'),(16,'쇠고기'),(17,'오징어'),(18,'조개류(굴)'),(19,'잣');
/*!40000 ALTER TABLE `tb_allegy` ENABLE KEYS */;
UNLOCK TABLES;

--
-- Table structure for table `tb_allegy_e`
--

DROP TABLE IF EXISTS `tb_allegy_e`;
/*!40101 SET @saved_cs_client     = @@character_set_client */;
/*!50503 SET character_set_client = utf8mb4 */;
CREATE TABLE `tb_allegy_e` (
  `Allegy_Num` int NOT NULL,
  `Allegy_Name` varchar(20) CHARACTER SET utf8mb4 COLLATE utf8mb4_unicode_ci DEFAULT NULL,
  PRIMARY KEY (`Allegy_Num`)
) ENGINE=InnoDB DEFAULT CHARSET=utf8mb4 COLLATE=utf8mb4_unicode_ci;
/*!40101 SET character_set_client = @saved_cs_client */;

--
-- Dumping data for table `tb_allegy_e`
--

LOCK TABLES `tb_allegy_e` WRITE;
/*!40000 ALTER TABLE `tb_allegy_e` DISABLE KEYS */;
INSERT INTO `tb_allegy_e` VALUES (1,'Eggs'),(2,'Mlik'),(3,'Buckwheat'),(4,'Peanut'),(5,'Soybean'),(6,'Wheat'),(7,'Mackerel'),(8,'Crab'),(9,'Shrimp'),(10,'Pork'),(11,'Peach'),(12,'Tomato'),(13,'Sulfurous Acids'),(14,'Walnut'),(15,'Chicken'),(16,'Beef'),(17,'Calamarl'),(18,'Shellfish(Cave)'),(19,'Pine nuts');
/*!40000 ALTER TABLE `tb_allegy_e` ENABLE KEYS */;
UNLOCK TABLES;

--
-- Table structure for table `tb_menu`
--

DROP TABLE IF EXISTS `tb_menu`;
/*!40101 SET @saved_cs_client     = @@character_set_client */;
/*!50503 SET character_set_client = utf8mb4 */;
CREATE TABLE `tb_menu` (
  `Menu_Num` int NOT NULL,
  `Menu_Name` varchar(50) CHARACTER SET utf8mb4 COLLATE utf8mb4_unicode_ci DEFAULT NULL,
  `Price` varchar(50) CHARACTER SET utf8mb4 COLLATE utf8mb4_unicode_ci DEFAULT NULL,
  `Menu_Explan` varchar(200) CHARACTER SET utf8mb4 COLLATE utf8mb4_unicode_ci DEFAULT NULL,
  PRIMARY KEY (`Menu_Num`)
) ENGINE=InnoDB DEFAULT CHARSET=utf8mb4 COLLATE=utf8mb4_unicode_ci;
/*!40101 SET character_set_client = @saved_cs_client */;

--
-- Dumping data for table `tb_menu`
--

LOCK TABLES `tb_menu` WRITE;
/*!40000 ALTER TABLE `tb_menu` DISABLE KEYS */;
INSERT INTO `tb_menu` VALUES (101,'에스프레소','2900','정통 이탈리안 방식으로 고압을 이용하여 빠르게 추출된 커피 이디야의 모든 음료의 기본'),(102,'에스프레소 마끼아또','3200','진한 에스프레소 위의 부드러운 우유 거품이 조화를 이뤄 에스프레소를 부드럽게 느낄 수 있는 커피'),(103,'에스프레소 콘파냐','3200','진한 에스프레소 위에 달콤한 휘핑을 더한 음료로 에스프레소를 달콤하게 즐길 수 있는 커피'),(104,'아포가토 오리지널','4500','대중들에게 가장 친숙한 타입의 아포카토로 이디야 빙볼에 에스프레소와 아몬드를 토핑한 제품'),(105,'카페 아메리카노','3200','구운 견과류의 고소한 향미와 다크초콜렛의 Bitter sweet 깊고 깔끔한 애프터테이스트가 특징인 이디야의 대표음료'),(106,'카페 라떼','4200','진한 에소프레소와 부드러운 우유가 만나 고소한 풍미가 더하는 메뉴 가장 대중적인 메뉴'),(107,'연유 카페 라떼','4500','베트남풍 연유의 달콤한 맛과 에스프레소가 절묘하게 어우러져 누구나 쉽게 즐길 수 있는 부드러운 커피 음료'),(108,'바닐라 라떼','4500','부드러운 라떼에 은은한 바닐라 향이 더해져 더욱 달콤하게 즐길 수 있는 음료'),(109,'카라멜 마끼아또','4500','폼 밀크 속에 감춰진 카라멜의 달콤함과 에스프레소의 진한 맛이 돋보이는 이디야의 인기메뉴'),(110,'카페 모카','4500','모카시럽을 만나 한층 풍부해진 에스프레소에 우유로 부드러움을 더한 달콤한 휘핑크림이 곁들여진 음료'),(111,'민트 모카','4900','상쾌한 민트향이 더해진 진한 모카와 부드러운 휘핑크림이 잘 어울리는 음료'),(112,'화이트 초콜릿 모카','4500','화이트 초코렛과 에스프레소의 조화로운 만남에 달콤한 휘핑크림까지 함께 즐길 수 있는 음료'),(113,'카푸치노','4200','에스프레소에 부드러운 우유 거품을 풍부하게 올린 음료, 시나몬 파우더가 첨가되어 강렬한 향과 커피의 풍부함을 즐길 수 있는 음료'),(114,'넛츠 크림 라떼','4700','부드러운 크림과 에스프레소, 넛츠 플레이버가 어우러져 만들어진 완벽한 한 잔의 라떼'),(201,'초콜릿','3900','진한 모카시럽과 부드러운 우유, 그리고 달콤한 휘핑크림의 삼박자가 조화를 이루는 음료'),(202,'민트 초콜릿','4200','상쾌한 민트향이 가득한 진한 초콜렛 위에 달콤한 휘핑크림으로 마무리한 이디야의 인기메뉴'),(203,'녹차 라떼','3900','녹차에 우유가 더해져 부담 없이 즐길 수 있는 음료'),(204,'토피넛 라떼','4200','다양한 견과류의 맛과 달콤한 코코아가 조화롭게 어우러진 달콤한 음료'),(205,'달고나 라떼','3700','달콤한 달고나와 우유가 조화롭게 어우러져, 달고나 분태의 바삭한 식감과 함께 즐길 수 있는 제품'),(206,'흑당 라떼','3700','진하고 달콤한 흑당과 고소한 우유가 어우러진 논커피 음료'),(207,'버블 흑당 라떼','4700','진하고 달콤한 흑당에 쫄깃한 버블이 어우러진 논커피 음료'),(208,'밀크티','4200','잉글리시 브랙퍼스트와 바닐라향이 어우러져 따듯한 우유에 은은하게 퍼지는 향이 돋보이는 음료'),(209,'버블 크림 밀크티','4700','베르가못 향과 우롱티의 밸런스를 잡아 풍부하고 깊은 맛과 크림의 부드러움을 함께 느끼고, 타피오카 펄의 쫄깃한 식감까지 즐길 수 있는 음료'),(210,'12곡 라떼','3700','몸에 이로운 곡물이 들어가 든든하고 포만감을 주는 메뉴, 한끼 식사 대용으로도 충분한 음료'),(211,'고구마 라떼','4200','호박고구마를 활용하여 달콤하고 고소한 고구마의 풍미가 진하게 느껴지는 음료'),(213,'생강차','4200','생강 특유의 진하고 풍부한 맛과 향미를 느낄 수 있으며, 은은하고 부드러운 단맛의 유자와 꿀이 더해진 음료'),(214,'쌍화차','4200','전통 쌍화차의 느낌을 이디야만의 색깔로 재해석하여 다양한 연령층이 즐길 수 있도록 은은한 향과 고소함을 강조한 음료'),(215,'골드키위주스','4500','고급 골드키위를 사용하여 비타민 C가 풍부하고 상큼한 음료'),(216,'딸기주스','4500','국내산 딸기 과육을 그대로 넣어 새콤하고 달콤한 딸기 본연의 맛을 느낄 수 있는 음료'),(217,'홍시주스','4500','부드럽고 달콤한 홍시 본연의 맛을 느낄 수 있는 음료'),(301,'그린 루이보스','3200','복숭아 한 조각을 베어 문 잔향이 입안에 남는 맑은 수색의 루이보스 티'),(302,'샤인 히비스커스','3200','사과, 오렌지, 레몬그라스 등이 블렌딩 된 과일향 가득한 새콤달콤한 맛의 허브티'),(303,'스프링 캐모마일','3200','캐모마일 과 루이보스, 레몬그라스 등이 블렌딩 되어 은은함이 돋보이는 허브티'),(304,'퓨어 페퍼민트','3200','입 안 가득 청량함이 느껴지는 상쾌한 허브티'),(305,'피치 얼그레이','3200','깊고 그윽한 홍차와 달콤한 복숭아 향이 어우러지는 깔끔한 맛의 얼그레이 티'),(306,'살얼음 식혜','4200','밥알이 씹히는 정성 가득 식혜에 살얼음을 띄워 더욱 시원하게 즐길 수 있는 메뉴'),(307,'석류 오리지널','4200','석류 특유의 산뜻한 향과 깔끔한 뒷맛이 느껴지며, 과육이 한알 한알 살아있는 붉은 빛의 매력적인 과일차'),(308,'석류 애플라임','4500','산뜻한 석류에 다양한 과일과 꽃, 그리고 샴페인의 향이 더해져 깊고 중후한 맛이 느껴지는 블렌딩티'),(309,'유자차','4200','국내산 고흥 유자를 사용하고 유자 과육이 풍부한 홈메이드 방식의 달콤한 과일차'),(310,'유자 피나콜라다','4500','유자청에 사과, 파인애플, 히비스커스, 로즈힙 열매, 코코넛 등을 넣어 신맛과 달콤한 향의 밸런스가 좋은 블렌딩티'),(311,'자몽차','4200','풍부한 자몽 과육으로 신맛과 쓴맛을 내어 천연의 자몽의 맛을 내는 과일차'),(312,'자몽 네이블 오렌지','4500','자몽청에 오렌지, 귤, 로즈힙, 사과, 파인애플 등을 넣어 부드러운 신맛과 오렌지 향을 즐기 수 있는 블렌딩티'),(313,'아이스티 레몬','2900','입안 가득 상큼한 레몬향이 퍼지는 새콤달콤한 맛의 아이스티'),(314,'아이스티 복숭아','2900','홍차의 깊은 맛과 풍부한 복숭아 향이 어우러진 달콤한 여름철 임기음료'),(401,'마이멜로디 딸기 플랫치노','4900','고소한 크림치즈와 새콤달콤한 딸기가 어우러진 플랫치노에 반짝이는 스프링클로 시각적인 재미까지 더해진 음료'),(402,'폼폼푸린 슈크림 플랫치노','4900','카라멜과 컷터드가 어우러져 달콤하고 부드러운 플랫치노에 바삭한 쿠키분태가 씹히는 음료'),(403,'망고 플랫치노','3900','열대과일인 망고의 달콤하고 진한 맛을 그대로 담아낸 여름철 인기 메뉴'),(404,'꿀복숭아 플랫치노','3900','복숭아의 리얼한 풍미와 꿀의 달콤함이 최적의 조화를 이룬 달콤하고 시원한 플랫치노'),(405,'플레인 요거트 플랫치노','4500','요거트 고유의 새콤달콤한 맛을 그대로 살린 메뉴로 여성들에게 인기가 좋은 음료'),(406,'딸기 요거트 플랫치노','4700','남녀노소 누구나 좋아하는 딸기와 상큼한 요거트가 조화롭게 어우러진 플랫치노'),(407,'블루베리 요거트 플랫치노','4700','블루베리 본연의 맛과 상큼한 요거트의 조화를 이룬 새콤달콤한 요거트 플랫치노'),(408,'초콜릿 칩 플랫치노','4500','트리플 모카시럽에 초콜릿 칩이 더해져 씹는 재미가 있는 달콤한 플랫치노'),(409,'민트 초콜릿 칩 플랫치노','4500','진한 민트향이 더해진 초코렛에 초콜렛 칩이 가득 들어가 있는 젊은 감성의 이디야 플랫치노'),(501,'쿠로미 망고피치 에이드','5200','향긋한 복숭아와 달콤한 망고가 어우러진 에이드 보라색 그라데이션으로 비주얼을 강화한 음료'),(502,'블루문 에이드','5500','달콤한 청포도와 상큼한 사과향이 어우러진 청량감 있는 맛이 특징, 푸른빛 컬러와 바닷속을 연상시키는 스프링클 토핑이 더해져 눈과 입이 즐거운 이디야 시그니처 에이드'),(503,'레몬 에이드','4200','레몬의 상큼함과 톡 쏘는 탄산의 시원함을 함께 즐길 수 있는 음료'),(504,'자몽 에이드','4200','자몽의 쌉싸름한 맛과 상큼함을 동시에 느낄 수 있으며, 탄산의 청량함을 함께 맛볼 수 있는 음료'),(505,'청포도 에이드','4200','청포도의 상큼함과 탄산의 시원함을 느낄 수 있는 음료'),(506,'오리진 쉐이크','4700','우유 그대로의 부드러운 맛을 느낄 수 있으며, 어린이와 청소년도 즐겨 먹을 수 있는 쉐이크'),(507,'피스타치오 쉐이크','5200','젤라또 플레이버를 음료로 즐길 수 있는 메뉴로, 피스타치오의 고소함과 카라멜 토핑의 바삭한 식감을 즐길 수 있는 음료'),(508,'딸기 쉐이크','5200','부드러운 우유의 맛과 국내산 딸기의 달콤함이 조화로운 쉐이크'),(509,'더블 초코칩 쉐이크','4900','젤라또 플레이버를 음료로 즐길 수 있는 메뉴로, 묵직한 바닐라 향의 풍미와 초콜릿 칩의 씹히는 식감을 조화롭게 즐길 수 있는 음료'),(510,'초코쿠키 쉐이크','4900','초코쿠키의 달콤함과 바삭함을 느낄 수 있어, 어린이와 청소년에게 인기 있는 쉐이크'),(601,'더블베리 요거놀라 1인빙수','6300','아삭한 얼음과 요거트가 어우러진 베이스에 아이스크림, 딸기 베이스, 블루베리와 바삭한 그래놀라를 더한 1인 빙수'),(602,'애플망고 요거놀라 1인 빙수','6300','아삭한 얼음과 요거트가 어우러진 베이스에 아이스크림, 애플망고 베이스와 바삭한 그래놀라를 더한 1인 빙수'),(603,'팥인절미 1인빙수','6300','아삭한 얼음과 팥이 어우러진 베이스에 아이스크림, 통팥, 고소한 인절미를 더한 1인 빙수'),(604,'흑임자 크런치 눈꽃 빙수','11800','부드러운 우유 눈꽃 빙수에 흑임자 고물, 바삭한 쿠키분대와 인절미를 더해 고소하고 달콤하게 즐길 수 있는 빙수'),(605,'애플망고 눈꽃빙수','11800','부드러운 망고 눈꽃 빙수에 애플망고를 더해 시원하고 달콤하게 즐길 수 있는 빙수'),(606,'팥인절미 눈꽃빙수','11800','부드러운 우유 눈꽃 빙수에 국산팥과 인절미를 더해 고소하고 달콤하게 즐길 수 있는 빙수'),(607,'약과 크림치즈 쿠키','3500','향긋한 크림치즈가 필링 된 쿠키 위에 꾸덕꾸덕한 약과를 올리고 집청 코팅을 발라 마무리한 약과 크림 치즈 쿠키'),(608,'약과 버터바','3300','쿠키 크러스트 위에 쫀득한 버터 필링을 올려 마무리한 약과 버터바'),(609,'버터 팬케이크','3900','버터가 올라간 부드럽운 팬케이크 위에 달콤한 메이플 시럽을 부어서 음료 등과 가볍게 먹기 좋은 팬케이크'),(610,'라이스치즈볼 핫 디트로이트 딥소스','3500','약간의 매운맛 & 은은한 감칠맛이 특징인 토마토베이스 비법소스에 라이스치즈볼을 찍어먹는 타입'),(611,'라이스피즈볼 미소버터 딥소스','3500','버터의 풍미 & 미소된장의 고소함이 특징인 버터베이스 비법소스에 라이스 치즈볼을 찍어먹는 타입'),(612,'소금 버터 스콘','2900','버터 풍미가 가득 느껴지는 고소하고 짭짤한 소금 버터 스콘(딸기잼과 함께 제공)'),(613,'소금빵','3000','겉은 바삭하고 속은 촉촉한 겉바속촉 소금빵'),(614,'소시지 바질 소금빵','3900','향긋한 바질의 향과 짭짤한 소시지의 조화가 좋은 소금빵'),(615,'흑임자 팥붕어빵','2500','고소한 흑임자 반죽 안에 꾸덕하고 달콤한 팥앙금이 들어간 흑임자 팥 붕어빵(판매단위 : 5개입/봉)'),(616,'흑임자 슈크림붕어빵','2500','고소한 흑임자 반죽 안에 부드럽고 달콤한 슈크림이 들어간 흑임자 팥 붕어빵(판매단위 : 5개입/봉)'),(617,'초코프레첼 미니','1500','바삭한 프레첼의 식감에 달콤한 초콜릿 코팅과 짭짤한 소금의 조화로 단짠단짠의 매력을 느낄 수 있는 스낵'),(618,'베이컨 포테이토 스퀘어 피자','4200','큼직한 큐브 포테이토와 짭짤한 맛의 베이컨이 토핑되어 포만감을 느낄 수 있는 조각 피자는'),(619,'하와이안 스퀘어 피자','4200','푹신한 도우 위에 짭짜름한 베이컨과 파인애플, 모짜렐라, 체다치즈가 어우러진 간편한끼 스퀘어 피자'),(620,'불닭고구마 스퀘어 피자','4200','푹신한 도우 위에 맛있게 매운 불닭과 큐브 고구마, 모짜렐라, 체다치즈가 어우러진 간편한끼 스퀘어 피자'),(621,'꿀오란다','1200','아몬드, 호박씨, 해바라기씨와 벌꿀이 함께 버무려져 고소하고 달콤한 오란다 제품'),(622,'쌍쌍 츄로스','2200','시나몬슈가로 마무리한 바삭한 식감을 가진 츄로스, 커피와 함께 할 경우 더욱 풍부한 맛을 느낄 수 있는 베이커리'),(623,'초콜릿 디핑','500','이디야 베이커리와 잘 어울리는 진한 초코소스'),(624,'토피넛 크로플','6900','플레인 크로플과 토피넛베이스, 아몬드 브리틀과 아몬드 슬라이스, 아이스크림이 올라간 크로플을 추가하여 취향에 따라 즐길 수 있는 플레이팅 크로플'),(625,'토피넛 꽈루아상','3800','토피넷 베이스, 아몬드 브리틀과 아몬드 분태가 올라간 꽈루아상에 플로팅 크림을 곁들여 부어먹거나 찍어먹을 수 있는 달달하고 고소한 꽈루아상의 플러스 버전'),(626,'단백질바 초코쿠키','1400','고함량 단백질(13g)과 함께 달콤한 초콜릿 코팅과 쿠키분태, 오곡초코볼, 크리스피볼, 시리얼 등 재미있는 식감을 느낄 수 있는 달콤바삭한 초코바'),(627,'비타민바 그릭요거트','1400','비타민C 일일권장량(100mg)과 식이섬유(3g)가 들어있고 동결건조과일 3종의 달콤함과 그릭요거트의 상큼함이 있는 새콤고소한 스낵바'),(628,'플레인 크로플','3900','크루아상을 와플 모양으로 찍어 만든 크로플 위에 메이플 시럽과 슈가파우더가 올라간 기본 타입 크로플'),(629,'플레인 꽈루아상','2900','크루아상을 꽈배기처럼 꼬아 만든 꽈배기 크루아상 위에 슈가파우더를 토핑한 크루아상의 확장 디저트'),(630,'크리미초코 감자쿠키','2500','슈퍼 슬림 크래커에 리얼초코릿이 샌딩되어 즐거운 식감을 주는 쿠키'),(631,'크리미치즈 그레인쿠키','2500','곡물이 박혀있어 입 안에서 풍부하게 씹히는 맛을 즐길 수 있는 쿠키 '),(632,'고구마 말랭이','3000','어떤 첨가물도 사용하지 않은 100% 고구마 그대로의 맛'),(633,'미니 코코 크런치','1900','초콜릿 맛과자의 달콤함과 밀크크림의 부드러움이 조화롭게 어울리는 상품'),(634,'바닐라 웨이퍼스','2200','남녀노소 누구나 좋아하는 친숙한 맛의 웨이퍼스'),(635,'미니프레첼 볶음양념맛','1200','씹을수록 고소함이 가득한 프레첼 모양의 과자 위에 볶음양념 특유의 감칠맛과 짭조름함이 어우러진 시즈닝과 와사비 특유의 톡 쏘는 알싸함이 잘어우러진 스낵'),(636,'미니프레첼 와사비맛','1200','짙은 나뭇가지 색과 가운데 엮은 매듭에서 갈라져 나온 두개의 \'팔\'과같은 모양의 과자인 프레첼에 와사비 특유의맛이 잘 어우러진 스낵'),(637,'아이스콘 초코','4000','튀기지 않고 오븐에 직접 구운 고소하고 바삭한 콘 모양의 과자'),(638,'아이스콘 요구르트','4000','가늘고 긴 콘 모양과 그립감이 좋은 어린이용 제품으로 오리지널 초콜릿과 새콤달콤한 요구르트 맛으로 구성'),(639,'매콤 로제 구운주먹밥','2000','매콤하고 부드러운 로제 떡볶이 양념과 부드러운 모짜렐라 치즈가 잘 어우러진 쫀득하고고소한오븐에 구운 주먹밥  '),(640,'까르보나라 구운주먹밥','2000','까르보나라 소스와 베이컨이 부드럽운 모짜렐라 치즈가 잘 어우러진 쫀득하고 고소한 오븐에 구운 주먹밥'),(641,'양송이 수프','3700','잘게 잘린 양송이 버섯의 감칠맛과 식감을 즐길 수 있는 부드러운 떠먹는 수프'),(642,'콘 수프','3700','풍성하게 넣은 옥수수의 달콤한 맛과 식감을 즐길 수 있는 부드러운 떠먹는 수프'),(643,'초콜렛청크 쿠키','2100','진하고 부드러운 초콜렛칩이 풍부한 쿠키, 이디야만의 반죽배합으로 만들어져 더욱 특별한 쿠키'),(644,'화이트초코 마카다미아 쿠키','1900','마카다미아 넛의 고소함과 화이트초콜렛의 달콤한이 조화를 이루는 쿠키. 이디야 만의 반죽배합으로 만들어져 더욱 특별한 쿠키'),(645,'초콜릿 마카롱','2500','초콜릿 가나슈를 샌드하여 겉은 바삭하고 속은 쫄깃한 마카롱'),(646,'산딸기 마카롱','2500','새콤달콤한 산딸기잼을 샌드하여 겉은 바삭하고 속은 쫄깃한 마카롱'),(647,'바닐라 마카롱','2500','바닐라 빈이 들어있는 바닐라 크림을 샌드하여 겉은 바삭하고 속은 쫄깃한 마카롱'),(648,'스트로베리 치즈 마카롱','2800','진한 크림치즈 풍미의 크림과 속안에 숨겨진 딸기퓨레가 어우러진 달달한 마카롱'),(649,'얼그레이 쇼콜라 마카롱','2800','풍부한 맛의 얼그레이 크림과 진한 초코 가나슈가 어우러져, 밀크티의 부드러운 단맛을 느낄 수 있는 마카롱'),(650,'쿠키 앤 크림 마카롱','2800','바삭바삭 초코쿠키와 부드러운 풍미의 쿠키맛 버터크림이 어우러진 달콤한의 맛의 마카롱'),(651,'이너츠','1400','매일 간편하게 즐기는 이디야의 견과류'),(652,'햄 앤 치즈 샌드위치','2100','촉촉하고부드러운 빵속에 달콤한 버터크림 소스, 치즈, 스모크햄을 샌드해 만든 대만식 샌드위치'),(653,'에그 베이컨 과카몰리 샌드위치','5000','겉은 바삭하고 속은 부드러운 깜빠뉴 사이에 촉촉한 과카몰리 샐러드와 바삭한 베이컨, 치즈, 계란 프라이가 조화를 이룬 제품'),(654,'페퍼로니 피자 샌드위치','5000','겉은 바삭하고 속은 부드러운 깜빠뉴 사이에 토마토 소스와 불고기, 쫄깃한 모짜렐라 치즈가 페퍼로니와 조화를 이룬 제품'),(655,'초코 티라미수 ','4500','크림치즈와 달콤한 초콜렛이 조화를 이루고 진하고 고운 코코아 파우더가 맛에 깊이를 더하는 메뉴'),(656,'수플레 치즈 케이크','4500','치즈 고유의 부드러움과 촉촉함이 살아있는 케이크'),(657,'데블스 초코 케이크','4500','진한 초콜렛과 코코아 시트로 만든 초콜릿 케이크'),(658,'떠먹는 티라미수','4400','진한 에스프레소 시럽을 이탈리아 정통 쿠키인 레이디핑거에 적셔 마스카포테 치즈 무스와 코코아 파우더를 토핑한 티라미수 케이크'),(659,'밀크레이프 케이크','4500','한 장 한 장 정성스럽게 구운 촉촉한 크레이프 시트사이에 겹겹이 느껴지는 부드러운 크림이 포인트인 케이크'),(660,'핫치킨 브리또','4200','매콤한 닭고기가 들어가 든든하게 한 끼 식사로 좋은 멕시코 요리'),(661,'소고기 브리또','4200','한국식 불고기 들어가 든든하게 한 끼 식사로 좋은 퓨전 멕시코 음식'),(662,'메이플 넛 브레드','5400','메이플 향이 풍부한 브레드에 풍성한 휘핑크림과 몸에 좋은 호두와 아몬드가 더해진 중독성 강한 허니브레드'),(663,'허니 카라멜 브레드','5200','은은한 시나몬과 진한 카라멜 코팅이 된 허니브레드에 휘핑크림을 더해 한결 부드러워진 맛의 허니브레드'),(664,'갈릭 치즈 브레드','5400','풍부한 갈릭버터스프레드와 조화를 이룬 진한 체다치즈에 바삭한 갈릭칩을 얹어 촉촉한 브레드와 함께 즐길 수 잇는 제품'),(665,'생크림 와플 ','2900','쫄깃한 와플과 생크림의 달콤함을 함께 즐길 수 있는 메뉴'),(666,'오리지널 핫 번','2900','따뜻한 번을 감싼 커피크림과 빵속에 부드럽게 녹아 든 버터가 조화를 이뤄 달콤 짭조름한 맛이 일품인 오리지널 번'),(667,'플레인 와플','2700','담백하고 쫄깃한 그대로를 즐길 수 있는 정통 벨기에 와플'),(668,'달고나 아이스크림 와플','4300','쫄깃한 와플에 부드럽고 달콤한 아이스크림을 더하고, 달콤쌉싸름한 달고나의 깊고 진한 풍미와 바삭한 식감까지 느낄 수 있는 메뉴'),(669,'프레즐','2700','따뜻하게 데우면 프레즐 속 숨어있던 달콤한 크림치즈가 녹으면서 부드러운 향이 살아나는 이디야의 대표 인기메뉴'),(670,'블루베리 베이글','2500','몸에 좋은 블루베리가 듬뿍 등어가 있어 한입물면 입안 가득 블루베리 향이 퍼지는 베이글'),(671,'플레인 베이글','2500','아침식사 대용으로 좋은 담백하고 쫄깃한 맛의 베이글'),(672,'어니언 베이글','2500','한국인의 입맛에 맞는 양파로 맛을 낸 인기만점 베이글'),(673,'플레인 치즈 스틱케익','2400','케익시트에 부드럽고 고소한 풍미를 한층 더해주는 끼리 크림 치즈가 함유된 치즈케익을 얹어, 깊고 풍부한 크림치즈의 풍미를 즐길 수 있는 제품'),(674,'블루베리 치즈 스틱케익','2400','부드럽고 신선한 맛을 느낄 수 있는 끼리 크림 치즈를 활용한 진한 치즈케익 위에 진짜 블루베리가 첨가되어 있는 이디야만의 블루베리 치즈 스틱케익'),(675,'스노우 쿠키슈','2100','부드럽고 시원한 크림과 바삭한 쿠키가 조화로운 이디야 디저트'),(676,'초코칩 머핀','2500','진하고 달콤한 초콜렛이 통째로 들어간 특히 여성들에게 인기가 좋은 머핀'),(677,'크림치즈 머핀 ','2500','담백한 치즈 고유의 맛과 향이 살아나 식욕을 돋우는 머핀'),(678,'블루베리 머핀','2500','쏙쏙 박힌 큼직한 블루베리가 눈에 보여 더 먹음직스러운 머핀'),(679,'메이플 와플','3200','고소한 와플과 달콤한 메이플 향이 입안 가득 은은하게 퍼지는 메뉴'),(680,'크림치즈 와플','3400','와플과 함께 고소하고 진한 크림치즈의 풍미를 더해 더욱 깊은 맛을 즐길 수 있는 메뉴'),(681,'크로크 무슈','4700','햄과 치즈가 들어있어 담백하고 고소한 맛을 즐길 수 있는, 한끼 식사 대용으로 좋은 제품'),(682,'잉글리쉬 머핀','3700','폭신한 잉글리쉬 머핀에 계란, 햄, 치즈. 그리고 홀머스터드가 발라진 영국식 아친 식사 대용 제품'),(683,'크루아상','2900','프랑스산 버터를 듬뿍 넣어 롤링한 크루아상으로 버터 특유의 고소함과 담백함을 풍부하게 느낄 수 있는 제품'),(684,'핫 치즈 번','2600','부드러운 크림치즈 필링이 들어있어 더욱 향긋하고 커피와 잘 어울리는 번');
/*!40000 ALTER TABLE `tb_menu` ENABLE KEYS */;
UNLOCK TABLES;

--
-- Table structure for table `tb_menu_allegy`
--

DROP TABLE IF EXISTS `tb_menu_allegy`;
/*!40101 SET @saved_cs_client     = @@character_set_client */;
/*!50503 SET character_set_client = utf8mb4 */;
CREATE TABLE `tb_menu_allegy` (
  `Menu_Num` int DEFAULT NULL,
  `Allegy_Num` int DEFAULT NULL,
  KEY `Menu_Num` (`Menu_Num`),
  KEY `Allegy_Num` (`Allegy_Num`),
  CONSTRAINT `tb_menu_allegy_ibfk_1` FOREIGN KEY (`Menu_Num`) REFERENCES `tb_menu` (`Menu_Num`),
  CONSTRAINT `tb_menu_allegy_ibfk_2` FOREIGN KEY (`Allegy_Num`) REFERENCES `tb_allegy` (`Allegy_Num`)
) ENGINE=InnoDB DEFAULT CHARSET=utf8mb4 COLLATE=utf8mb4_unicode_ci;
/*!40101 SET character_set_client = @saved_cs_client */;

--
-- Dumping data for table `tb_menu_allegy`
--

LOCK TABLES `tb_menu_allegy` WRITE;
/*!40000 ALTER TABLE `tb_menu_allegy` DISABLE KEYS */;
INSERT INTO `tb_menu_allegy` VALUES (102,2),(103,2),(103,5),(104,1),(104,2),(106,2),(107,2),(107,5),(108,2),(108,5),(109,2),(109,5),(110,2),(110,5),(111,2),(111,5),(112,2),(112,5),(113,2),(114,2),(114,5),(201,2),(201,5),(202,2),(202,5),(203,2),(204,2),(204,5),(205,2),(206,2),(206,13),(207,2),(207,13),(208,2),(209,2),(209,5),(210,2),(210,5),(210,6),(211,2),(213,13),(214,19),(301,11),(305,11),(313,5),(314,11),(401,2),(401,5),(401,6),(402,1),(402,2),(402,5),(402,6),(404,11),(405,2),(406,2),(407,2),(407,5),(408,2),(408,5),(409,2),(409,5),(501,11),(502,5),(506,2),(507,2),(507,5),(508,2),(508,5),(509,2),(509,5),(510,2),(510,5),(510,6),(601,2),(601,5),(602,2),(602,5),(603,2),(603,5),(604,2),(604,5),(604,6),(605,2),(605,5),(606,2),(606,5),(606,6),(607,1),(607,2),(607,5),(607,6),(608,1),(608,2),(608,5),(608,6),(609,1),(609,2),(609,5),(609,6),(610,2),(610,5),(610,6),(610,10),(610,12),(610,13),(610,15),(610,16),(610,18),(611,1),(611,2),(611,5),(611,6),(611,10),(611,15),(611,16),(611,18),(612,1),(612,2),(612,5),(612,6),(612,16),(613,2),(613,6),(614,2),(614,5),(614,6),(614,10),(614,12),(614,16),(615,1),(615,2),(615,5),(615,6),(616,1),(616,2),(616,5),(616,6),(617,2),(617,5),(617,6),(618,2),(618,5),(618,6),(618,10),(618,12),(619,1),(619,2),(619,5),(619,6),(619,10),(619,15),(619,16),(620,2),(620,5),(620,6),(620,12),(620,15),(620,16),(621,2),(621,5),(621,6),(622,1),(622,2),(622,5),(622,6),(624,1),(624,2),(624,5),(624,6),(624,13),(625,1),(625,2),(625,5),(625,6),(625,13),(626,2),(626,5),(626,6),(627,2),(627,5),(627,16),(628,2),(628,5),(628,6),(629,2),(629,5),(629,6),(630,2),(630,5),(630,6),(631,1),(631,2),(631,4),(631,5),(631,6),(633,2),(633,4),(633,5),(633,6),(634,1),(634,2),(634,6),(635,2),(635,5),(635,6),(635,9),(635,12),(635,15),(635,16),(635,17),(635,18),(636,1),(636,2),(636,5),(636,6),(636,15),(636,16),(636,18),(637,2),(637,5),(637,6),(638,2),(638,5),(638,6),(639,1),(639,2),(639,5),(639,6),(639,10),(639,12),(639,15),(639,16),(639,18),(640,1),(640,2),(640,5),(640,6),(640,10),(640,15),(640,16),(641,2),(641,4),(641,5),(641,6),(642,1),(642,2),(642,5),(642,6),(642,15),(643,1),(643,2),(643,5),(643,6),(643,13),(644,1),(644,2),(644,5),(644,6),(644,13),(645,1),(645,2),(645,5),(645,6),(646,1),(646,6),(647,1),(647,2),(647,6),(648,1),(648,2),(648,5),(648,6),(648,16),(649,1),(649,2),(649,5),(649,6),(650,1),(650,2),(650,5),(650,6),(652,1),(652,2),(652,5),(652,6),(652,10),(652,15),(652,18),(653,2),(653,5),(653,6),(653,10),(653,13),(653,18),(654,2),(654,5),(654,6),(654,10),(654,12),(654,16),(654,18),(655,1),(655,2),(655,5),(655,6),(655,10),(655,13),(656,1),(656,2),(656,5),(656,6),(656,13),(657,1),(657,2),(657,5),(657,6),(657,13),(658,1),(658,2),(658,5),(658,6),(658,10),(658,16),(659,1),(659,2),(659,5),(659,6),(660,2),(660,5),(660,6),(660,12),(660,15),(660,16),(661,2),(661,5),(661,6),(661,10),(662,2),(662,5),(662,6),(662,14),(663,2),(663,5),(663,6),(664,2),(664,5),(664,6),(665,1),(665,2),(665,5),(665,6),(666,1),(666,2),(666,4),(666,5),(666,6),(667,1),(667,2),(667,5),(667,6),(668,1),(668,2),(668,5),(668,6),(669,2),(669,5),(669,6),(670,2),(670,5),(670,6),(671,2),(671,5),(671,6),(672,2),(672,5),(672,6),(673,1),(673,2),(673,5),(673,6),(673,13),(673,16),(674,1),(674,2),(674,5),(674,6),(674,13),(674,16),(675,1),(675,2),(675,5),(675,6),(676,1),(676,5),(676,6),(677,1),(677,2),(677,5),(677,6),(678,1),(678,2),(678,5),(678,6),(679,1),(679,2),(679,5),(679,6),(680,1),(680,2),(680,5),(680,6),(681,1),(681,2),(681,5),(681,6),(681,10),(682,1),(682,2),(682,5),(682,6),(682,10),(682,16),(682,18),(683,1),(683,2),(683,6),(684,1),(684,2),(684,5),(684,6),(102,2),(103,2),(103,5),(104,1),(104,2),(106,2),(107,2),(107,5),(108,2),(108,5),(109,2),(109,5),(110,2),(110,5),(111,2),(111,5),(112,2),(112,5),(113,2),(114,2),(114,5),(201,2),(201,5),(202,2),(202,5),(203,2),(204,2),(204,5),(205,2),(206,2),(206,13),(207,2),(207,13),(208,2),(209,2),(209,5),(210,2),(210,5),(210,6),(211,2),(213,13),(214,19),(301,11),(305,11),(313,5),(314,11),(401,2),(401,5),(401,6),(402,1),(402,2),(402,5),(402,6),(404,11),(405,2),(406,2),(407,2),(407,5),(408,2),(408,5),(409,2),(409,5),(501,11),(502,5),(506,2),(507,2),(507,5),(508,2),(508,5),(509,2),(509,5),(510,2),(510,5),(510,6),(601,2),(601,5),(602,2),(602,5),(603,2),(603,5),(604,2),(604,5),(604,6),(605,2),(605,5),(606,2),(606,5),(606,6),(607,1),(607,2),(607,5),(607,6),(608,1),(608,2),(608,5),(608,6),(609,1),(609,2),(609,5),(609,6),(610,2),(610,5),(610,6),(610,10),(610,12),(610,13),(610,15),(610,16),(610,18),(611,1),(611,2),(611,5),(611,6),(611,10),(611,15),(611,16),(611,18),(612,1),(612,2),(612,5),(612,6),(612,16),(613,2),(613,6),(614,2),(614,5),(614,6),(614,10),(614,12),(614,16),(615,1),(615,2),(615,5),(615,6),(616,1),(616,2),(616,5),(616,6),(617,2),(617,5),(617,6),(618,2),(618,5),(618,6),(618,10),(618,12),(619,1),(619,2),(619,5),(619,6),(619,10),(619,15),(619,16),(620,2),(620,5),(620,6),(620,12),(620,15),(620,16),(621,2),(621,5),(621,6),(622,1),(622,2),(622,5),(622,6),(624,1),(624,2),(624,5),(624,6),(624,13),(625,1),(625,2),(625,5),(625,6),(625,13),(626,2),(626,5),(626,6),(627,2),(627,5),(627,16),(628,2),(628,5),(628,6),(629,2),(629,5),(629,6),(630,2),(630,5),(630,6),(631,1),(631,2),(631,4),(631,5),(631,6),(633,2),(633,4),(633,5),(633,6),(634,1),(634,2),(634,6),(635,2),(635,5),(635,6),(635,9),(635,12),(635,15),(635,16),(635,17),(635,18),(636,1),(636,2),(636,5),(636,6),(636,15),(636,16),(636,18),(637,2),(637,5),(637,6),(638,2),(638,5),(638,6),(639,1),(639,2),(639,5),(639,6),(639,10),(639,12),(639,15),(639,16),(639,18),(640,1),(640,2),(640,5),(640,6),(640,10),(640,15),(640,16),(641,2),(641,4),(641,5),(641,6),(642,1),(642,2),(642,5),(642,6),(642,15),(643,1),(643,2),(643,5),(643,6),(643,13),(644,1),(644,2),(644,5),(644,6),(644,13),(645,1),(645,2),(645,5),(645,6),(646,1),(646,6),(647,1),(647,2),(647,6),(648,1),(648,2),(648,5),(648,6),(648,16),(649,1),(649,2),(649,5),(649,6),(650,1),(650,2),(650,5),(650,6),(652,1),(652,2),(652,5),(652,6),(652,10),(652,15),(652,18),(653,2),(653,5),(653,6),(653,10),(653,13),(653,18),(654,2),(654,5),(654,6),(654,10),(654,12),(654,16),(654,18),(655,1),(655,2),(655,5),(655,6),(655,10),(655,13),(656,1),(656,2),(656,5),(656,6),(656,13),(657,1),(657,2),(657,5),(657,6),(657,13),(658,1),(658,2),(658,5),(658,6),(658,10),(658,16),(659,1),(659,2),(659,5),(659,6),(660,2),(660,5),(660,6),(660,12),(660,15),(660,16),(661,2),(661,5),(661,6),(661,10),(662,2),(662,5),(662,6),(662,14),(663,2),(663,5),(663,6),(664,2),(664,5),(664,6),(665,1),(665,2),(665,5),(665,6),(666,1),(666,2),(666,4),(666,5),(666,6),(667,1),(667,2),(667,5),(667,6),(668,1),(668,2),(668,5),(668,6),(669,2),(669,5),(669,6),(670,2),(670,5),(670,6),(671,2),(671,5),(671,6),(672,2),(672,5),(672,6),(673,1),(673,2),(673,5),(673,6),(673,13),(673,16),(674,1),(674,2),(674,5),(674,6),(674,13),(674,16),(675,1),(675,2),(675,5),(675,6),(676,1),(676,5),(676,6),(677,1),(677,2),(677,5),(677,6),(678,1),(678,2),(678,5),(678,6),(679,1),(679,2),(679,5),(679,6),(680,1),(680,2),(680,5),(680,6),(681,1),(681,2),(681,5),(681,6),(681,10),(682,1),(682,2),(682,5),(682,6),(682,10),(682,16),(682,18),(683,1),(683,2),(683,6),(684,1),(684,2),(684,5),(684,6);
/*!40000 ALTER TABLE `tb_menu_allegy` ENABLE KEYS */;
UNLOCK TABLES;

--
-- Table structure for table `tb_menu_allegy_e`
--

DROP TABLE IF EXISTS `tb_menu_allegy_e`;
/*!40101 SET @saved_cs_client     = @@character_set_client */;
/*!50503 SET character_set_client = utf8mb4 */;
CREATE TABLE `tb_menu_allegy_e` (
  `Menu_Num` int DEFAULT NULL,
  `Allegy_Num` int DEFAULT NULL,
  KEY `Menu_Num` (`Menu_Num`),
  KEY `Allegy_Num` (`Allegy_Num`),
  CONSTRAINT `tb_menu_allegy_e_ibfk_1` FOREIGN KEY (`Menu_Num`) REFERENCES `tb_menu_e` (`Menu_Num`),
  CONSTRAINT `tb_menu_allegy_e_ibfk_2` FOREIGN KEY (`Allegy_Num`) REFERENCES `tb_allegy_e` (`Allegy_Num`)
) ENGINE=InnoDB DEFAULT CHARSET=utf8mb4 COLLATE=utf8mb4_unicode_ci;
/*!40101 SET character_set_client = @saved_cs_client */;

--
-- Dumping data for table `tb_menu_allegy_e`
--

LOCK TABLES `tb_menu_allegy_e` WRITE;
/*!40000 ALTER TABLE `tb_menu_allegy_e` DISABLE KEYS */;
INSERT INTO `tb_menu_allegy_e` VALUES (102,2),(103,2),(103,5),(104,1),(104,2),(106,2),(107,2),(107,5),(108,2),(108,5),(109,2),(109,5),(110,2),(110,5),(111,2),(111,5),(112,2),(112,5),(113,2),(114,2),(114,5),(201,2),(201,5),(202,2),(202,5),(203,2),(204,2),(204,5),(205,2),(206,2),(206,13),(207,2),(207,13),(208,2),(209,2),(209,5),(210,2),(210,5),(210,6),(211,2),(213,13),(214,19),(301,11),(305,11),(313,5),(314,11),(401,2),(401,5),(401,6),(402,1),(402,2),(402,5),(402,6),(404,11),(405,2),(406,2),(407,2),(407,5),(408,2),(408,5),(409,2),(409,5),(501,11),(502,5),(506,2),(507,2),(507,5),(508,2),(508,5),(509,2),(509,5),(510,2),(510,5),(510,6),(601,2),(601,5),(602,2),(602,5),(603,2),(603,5),(604,2),(604,5),(604,6),(605,2),(605,5),(606,2),(606,5),(606,6),(607,1),(607,2),(607,5),(607,6),(608,1),(608,2),(608,5),(608,6),(609,1),(609,2),(609,5),(609,6),(610,2),(610,5),(610,6),(610,10),(610,12),(610,13),(610,15),(610,16),(610,18),(611,1),(611,2),(611,5),(611,6),(611,10),(611,15),(611,16),(611,18),(612,1),(612,2),(612,5),(612,6),(612,16),(613,2),(613,6),(614,2),(614,5),(614,6),(614,10),(614,12),(614,16),(615,1),(615,2),(615,5),(615,6),(616,1),(616,2),(616,5),(616,6),(617,2),(617,5),(617,6),(618,2),(618,5),(618,6),(618,10),(618,12),(619,1),(619,2),(619,5),(619,6),(619,10),(619,15),(619,16),(620,2),(620,5),(620,6),(620,12),(620,15),(620,16),(621,2),(621,5),(621,6),(622,1),(622,2),(622,5),(622,6),(624,1),(624,2),(624,5),(624,6),(624,13),(625,1),(625,2),(625,5),(625,6),(625,13),(626,2),(626,5),(626,6),(627,2),(627,5),(627,16),(628,2),(628,5),(628,6),(629,2),(629,5),(629,6),(630,2),(630,5),(630,6),(631,1),(631,2),(631,4),(631,5),(631,6),(633,2),(633,4),(633,5),(633,6),(634,1),(634,2),(634,6),(635,2),(635,5),(635,6),(635,9),(635,12),(635,15),(635,16),(635,17),(635,18),(636,1),(636,2),(636,5),(636,6),(636,15),(636,16),(636,18),(637,2),(637,5),(637,6),(638,2),(638,5),(638,6),(639,1),(639,2),(639,5),(639,6),(639,10),(639,12),(639,15),(639,16),(639,18),(640,1),(640,2),(640,5),(640,6),(640,10),(640,15),(640,16),(641,2),(641,4),(641,5),(641,6),(642,1),(642,2),(642,5),(642,6),(642,15),(643,1),(643,2),(643,5),(643,6),(643,13),(644,1),(644,2),(644,5),(644,6),(644,13),(645,1),(645,2),(645,5),(645,6),(646,1),(646,6),(647,1),(647,2),(647,6),(648,1),(648,2),(648,5),(648,6),(648,16),(649,1),(649,2),(649,5),(649,6),(650,1),(650,2),(650,5),(650,6),(652,1),(652,2),(652,5),(652,6),(652,10),(652,15),(652,18),(653,2),(653,5),(653,6),(653,10),(653,13),(653,18),(654,2),(654,5),(654,6),(654,10),(654,12),(654,16),(654,18),(655,1),(655,2),(655,5),(655,6),(655,10),(655,13),(656,1),(656,2),(656,5),(656,6),(656,13),(657,1),(657,2),(657,5),(657,6),(657,13),(658,1),(658,2),(658,5),(658,6),(658,10),(658,16),(659,1),(659,2),(659,5),(659,6),(660,2),(660,5),(660,6),(660,12),(660,15),(660,16),(661,2),(661,5),(661,6),(661,10),(662,2),(662,5),(662,6),(662,14),(663,2),(663,5),(663,6),(664,2),(664,5),(664,6),(665,1),(665,2),(665,5),(665,6),(666,1),(666,2),(666,4),(666,5),(666,6),(667,1),(667,2),(667,5),(667,6),(668,1),(668,2),(668,5),(668,6),(669,2),(669,5),(669,6),(670,2),(670,5),(670,6),(671,2),(671,5),(671,6),(672,2),(672,5),(672,6),(673,1),(673,2),(673,5),(673,6),(673,13),(673,16),(674,1),(674,2),(674,5),(674,6),(674,13),(674,16),(675,1),(675,2),(675,5),(675,6),(676,1),(676,5),(676,6),(677,1),(677,2),(677,5),(677,6),(678,1),(678,2),(678,5),(678,6),(679,1),(679,2),(679,5),(679,6),(680,1),(680,2),(680,5),(680,6),(681,1),(681,2),(681,5),(681,6),(681,10),(682,1),(682,2),(682,5),(682,6),(682,10),(682,16),(682,18),(683,1),(683,2),(683,6),(684,1),(684,2),(684,5),(684,6);
/*!40000 ALTER TABLE `tb_menu_allegy_e` ENABLE KEYS */;
UNLOCK TABLES;

--
-- Table structure for table `tb_menu_e`
--

DROP TABLE IF EXISTS `tb_menu_e`;
/*!40101 SET @saved_cs_client     = @@character_set_client */;
/*!50503 SET character_set_client = utf8mb4 */;
CREATE TABLE `tb_menu_e` (
  `Menu_Num` int NOT NULL,
  `Menu_Name` varchar(50) CHARACTER SET utf8mb4 COLLATE utf8mb4_unicode_ci DEFAULT NULL,
  `Price` varchar(50) CHARACTER SET utf8mb4 COLLATE utf8mb4_unicode_ci DEFAULT NULL,
  `Menu_Explan` varchar(250) CHARACTER SET utf8mb4 COLLATE utf8mb4_unicode_ci DEFAULT NULL,
  PRIMARY KEY (`Menu_Num`)
) ENGINE=InnoDB DEFAULT CHARSET=utf8mb4 COLLATE=utf8mb4_unicode_ci;
/*!40101 SET character_set_client = @saved_cs_client */;

--
-- Dumping data for table `tb_menu_e`
--

LOCK TABLES `tb_menu_e` WRITE;
/*!40000 ALTER TABLE `tb_menu_e` DISABLE KEYS */;
INSERT INTO `tb_menu_e` VALUES (101,'Espresso','2900','The basics of all drinks in coffee ediya, which are quickly extracted using high pressure in the authentic Italian way'),(102,'Espresso Macchiato','3200','Coffee with soft milk foam on top of strong espresso harmonizes to make espresso feel soft'),(103,'Espresso Con Panna','3200','Coffee that makes espresso sweet with sweet whipped drinks on top of strong espresso'),(104,'Affogato original','4500','The most popular type of apocato topped with esopresso and almonds in Idiya ice balls'),(105,'(L) Cafe Americano','3200','Ediya\'s signature drink, featuring the savory flavor of roasted nuts and deep, clean aftertaste of dark chocolate'),(106,'(L) Cafe Latte','4200','The most popular menu is a combination of strong espresso and soft milk to add savory flavor'),(107,'(L) Condensed Mlik Caffe Latte','4500','A soft coffee drink that anyone can easily enjoy with the exquisite combination of the sweet taste of Vietnamese condensed milk and espresso'),(108,'(L) Vanilla Latte','4500','A soft latte with a soft vanilla scent that makes it sweeter'),(109,'(L) Caramel Macchiato','4500','Ediya\'s popular menu featuring the sweetness of caramel hidden in foam milk and the rich taste of espresso'),(110,'(L) Cafe Mocha','4500','A drink with sweet whipped cream that meets mocha syrup and adds milk to the richer espresso'),(111,'(L) Mint Mocha','4900','A drink that goes well with a strong mocha with a refreshing mint scent and a soft whipped cream'),(112,'(L) White Chocolate Mocha','4500','A drink that you can enjoy with a harmonious combination of white chocolate and espresso and sweet whipped cream'),(113,'(L) Cappuccino','4200','Espresso is rich in soft milk foam, and cinnamon powder is added to enjoy a strong aroma and richness of coffee'),(114,'(L) ICED Nuts Cream Latte','4700','A perfect cup of latte made with soft cream, espresso and nut flavors'),(201,'Chocolate','3900','a drink with a combination of strong mocha syrup, soft milk, and sweet whipped cream'),(202,'Mint Chocolate','4200','Ediya\'s popular menu with sweet whipped cream on a rich chocolate filled with refreshing mint scent'),(203,'Green Tea Latte','3900','A drink that you can enjoy easily with milk added to green tea'),(204,'Toffee Nut Latte','4200','A sweet drink with a variety of nutty flavors and sweet cocoa'),(205,'ICED Dalgona Latte','3700','Sweet dalgona and milk are harmoniously mixed, so you can enjoy the crispy texture of dalgona buntae'),(206,'ICED Black Sugar Latte','3700','A non-coffee drink with dark sweet brown sugar and savory milk'),(207,'ICED Bubble Black Sugar Latte','4700','A non-coffee drink with thick and sweet brown sugar and chewy bubbles'),(208,'Milk Tea','4200','A drink with a subtle spread of warm milk mixed with English breakfast and vanilla'),(209,'ICED Bubble Cream Milk Tea','4700','A drink that balances the scent of bergamot and oolong tea, feels the rich and deep taste with the softness of cream, and even enjoys the chewy texture of tapioca pearls'),(210,'HOT Twelve-Grain Latte','3700','A hearty and filling menu with beneficial grains, a drink that is sufficient for a meal'),(211,'Sweet Potato Latte','4200','A drink that uses pumpkin sweet potatoes to make sweet and savory sweet potatoes taste strong'),(213,'Ginger Tea','4200','You can feel the rich and rich taste and flavor of ginger, and a drink with citron and honey that is gentle and soft'),(214,'Black Herbal Tea','4200','A drink that reinterprets the feeling of traditional Ssanghwa tea with Idiya\'s own color and emphasizes the subtle scent and savory taste for various age groups to enjoy'),(215,'Gold Kiwi Juice','4500','A refreshing drink rich in vitamin C using high-quality gold kiwi'),(216,'Strawberry Juice','4500','You can taste the original taste of strawberries with domestic strawberry pulp'),(217,'Soft Persimmon Juice','4500','A soft and sweet soft persimmon drink'),(301,'Green Rooibos','3200','Rooibos tea with a clear scent left in the mouth after cutting a piece of peach'),(302,'Shine Hibiscus','3200','Sweet and sour herb tea with fruit scent blended with apple, orange, lemon grass, etc'),(303,'Spring Chamomile','3200','Herb tea with a blend of chamomile, louis boss, and lemon grass'),(304,'Pure Peppermint','3200','Fresh herb tea that fills your mouth with freshness'),(305,'Peach Earl Grey','3200','A clean taste of earl grey tea with deep, deep black tea and sweet peach scent'),(306,'ICED Sweet Rice Drink','4200','A menu where you can enjoy it cooler by floating thin ice on Sikhye'),(307,'Pomegranate Tea','4200','Pomegranate\'s unique scent and clean aftertaste, and red-colored attractive fruit tea with live pulp'),(308,'Pomegranate Apple Lime','4500','Blending tea with fresh pomegranates, various fruits and flowers, and the scent of champagne'),(309,'Citron Tea','4200','Home-made sweet fruit tea that uses Korean Goheung citron and is rich in citron pulp'),(310,'Citron Pina Colada','4500','Yuja cheong is blended with apples, pineapples, hibiscus, rose hip fruit, coconut, etc., so it has a good balance of sour and sweet scents'),(311,'GrapeFruit Tea','4200','Fruit tea with rich grapefruit pulp for sour and bitter taste and natural grapefruit flavor'),(312,'Grapefruit Navel Orange','4500','Grapefruit syrup with orange, tangerine, rose hip, apple, pineapple, etc. Blending tea with soft sour taste and orange scent'),(313,'Lemon Ice Tea','2900','Sweet and sour iced tea with a refreshing lemon scent'),(314,'Peach Ice Tea','2900','Sweet summer term drink that combines the deep taste of black tea with rich peach scent'),(401,'My Melody Strawberry Flatccino','4900','A flat chino with savory cream cheese and sweet and sour strawberries, plus visual fun with sparkling sprinkles'),(402,'Pompompurin Choux Cream Flatccion','4900','A sweet, soft flatcino with a combination of caramel and cutters and a crispy cookie powder'),(403,'Mango Flatccino','3900','A popular summer menu that captures the sweet and rich taste of mango, a tropical fruit'),(404,'Peach Flatccino','3900','Sweet and cool flatcino with the perfect combination of the real flavor of peaches and the sweetness of honey'),(405,'Plain Yogurt Flatccino','4500','A drink popular among women with a menu that preserves the unique sweet and sour taste of yogurt'),(406,'Strawberry Yogurt Flatccino','4700','Flatcino, a combination of strawberries and refreshing yogurt that everyone likes'),(407,'Blueberry Yogurt Flatccino','4700','Sweet and sour yogurt flatcino with blueberry flavor and refreshing yogurt'),(408,'Chocolate Chip Flatccino','4500','Sweet flatcino with triple mocha syrup and chocolate chips to chew'),(409,'Mint Chocolate Chip Flatccino','4500','Ediya Flatcino with young sensibility with chocolate chips in chocolate with a strong mint scent'),(501,'(EX) Kuromi Mango Peach Ade','5200','Ade with a purple gradation that combines fragrant peaches and sweet mangoes to enhance the visual'),(502,'Blue Moon Ade','5500','Ediya’s signature ade, which has a refreshing taste with sweet green grapes and a refreshing apple scent, and the blue color and sprinkle topping reminiscent of the sea are added to make your eyes and mouth happy.'),(503,'Lemonade','4200','A drink that you can enjoy the freshness of lemon and the coolness of tangy carbonation'),(504,'Grapefruit Ade','4200','You can taste the bitter and refreshing taste of grapefruit at the same time, and you can taste the refreshingness of carbonation'),(505,'Green Grape Ade','4200','You can feel the freshness of green grapes and the coolness of carbonation'),(506,'Origin Shake','4700','You can feel the soft taste of milk, and it\'s a shake that children and teenagers can enjoy'),(507,'Pistachio Shake','5200','It is a menu where you can enjoy gelato flavor as a drink, and you can enjoy the savory taste of pistachio and the crispy texture of caramel toppings'),(508,'Strawberry Shake','5200','A shake that harmonizes the taste of soft milk with the sweetness of domestic strawberries'),(509,'Double Chocolate Chip Shake','4900','It is a menu where you can enjoy gelato flavor as a drink, and a drink that harmonizes the heavy vanilla flavor and the chewable texture of chocolate chips'),(510,'Chocolate Cookie Shake','4900','You can feel the sweetness and crispness of chocolate cookies, so it\'s a popular shake for children and teenagers'),(601,'Double Berry Yogurt Granola','6300','Ice cream, strawberry base, blue bay, and crispy granola are added to the base of crunchy ice and yogurt'),(602,'Apple Mango Yogurt Granola','6300','Ice cream, apple mango base, and crunchy granola are added to the base of crunchy ice and yogurt'),(603,'Red bean Injeolmi','6300','Ice cream, red beans, and savory injeolmi are added to the base of crunchy ice and red beans'),(604,'Black Sesame Crunch','11800','Soft milk snowflake shaved ice with black sesame junk, crispy cookie squad, and injeolmi for savory and sweet taste'),(605,'Apple Mango','11800','Soft mango snowflake shaved ice with apple mango, so you can enjoy it cool and sweet'),(606,'Red bean Snow Injeolmi','11800','Soft milk snowflake shaved ice with Korean red beans and injeolmi to make it savory and sweet'),(607,'Yakgwa Cream Cheese Cookie','3500','A thick yakgwa on top of a cookie filled with fragrant cream cheese and a cream cheese cookie coated with a syrup coating'),(608,'Yakgwa Butter Bar','3300','Medication and butter bar finished with chewy butter filling on cookie crust'),(609,'Butter Pancake','3900','a soft buttered pancake topped with sweet maple syrup that is easy to eat with drinks, etc'),(610,'Rice Cheese Ball Hot Detroit Dip Sauce','3500','Dip rice cheese balls in tomato-based secret sauce with a slightly spicy and subtle flavor'),(611,'Rice Cheese Ball Miso Butter Dip Sauce','3500','A type of person who dips rice cheese balls in a butter-based secret sauce characterized by the flavor of butter and the savory taste of miso paste'),(612,'Salted Butter Scone','2900','A savory and salty salt buttered scone (with strawberry jam) that is full of butter flavor'),(613,'Salted Butter Roll','3000','It\'s crispy on the outside and moist on the inside'),(614,'Sausage Basil Salted Butter Roll','3900','Salt bread with a good combination of fragrant basil and salty sausage'),(615,'Black Seame Red Bean Bungeo-ppang','2500','Black sesame red bean fish bun with thick and sweet red bean paste inside the savory black sesame dough (sales unit: 5 pieces/stick)'),(616,'Black Seame Custard Cream Bungeo-ppang','2500','Black sesame red bean fish bun with soft and sweet custard cream inside the savory black sesame dough (sales unit: 5 pieces/stick)'),(617,'Chocolate Pretzel Mini','1500','A snack with a crispy pretzel texture and a combination of sweet chocolate coating and salty salt'),(618,'Bacon Potato Square Pizza ','4200','With large cube potatoes and salty bacon toppings, you can feel full'),(619,'Hawaiian Sqwuare Pizza','4200','A simple meal square pizza with salty bacon, pineapple, mozzarella, and cheddar cheese on top of a soft dough'),(620,'Spcicy Chicken Sweet Potato Square Pizza','4200','A simple meal square pizza with spicy chicken, cube sweet potato, mozzarella, and cheddar cheese on top of a soft dough'),(621,'Honey Oranda','1200','A savory and sweet oranda product mixed with almonds, pumpkin seeds, sunflower seeds, and honey'),(622,'Double Churros','2200','Churros with crispy texture finished with cinnamon sugar, and a bakery where you can enjoy a richer taste with coffee'),(623,'Chocolate Dip','500','Dark chocolate sauce that goes well with Ediya Bakery'),(624,'Toffe Nut Ice Cream Croiffle','6900','Plating croffle with plain croffle and toffee nut base, almond brittle and almond slice, and ice cream added croffle to enjoy according to your taste'),(625,'Toffe Nut Twisted Croissant','3800','Toffinet base, almond brittle and almond buntae, plus a sweet and savory kkaruasang that you can pour or dip with floating cream'),(626,'Protein Bar Chocolate Cookie','1400','A sweet chocolate bar with a high protein content (13g) and a sweet chocolate bar with a sweet chocolate coating, cookie buntae, five-grain chocolate balls, crispy balls, and cereal'),(627,'Vitamin Bar Greek Yogurt','1400','A sweet and sour snack bar containing vitamin C recommendation (100mg) and dietary fiber (3g) and three types of freeze-dried fruits with the freshness of Greek yogurt'),(628,'Plain Croiffle','3900','A basic croffle with maple syrup and sugar powder on top of a croffle shaped like a waffle'),(629,'Plain Twisted Croissant','2900','Croissant\'s extended dessert topped with sugar powder on top of twisted croissant croissant made by twisting croissant like twisted croissant'),(630,'Creamy Choco Potato Cookie','2500','Super slim cracker with real chocolate sanding to give you a pleasant texture'),(631,'Creamy Cheese Grain Cookie','2500','Cookies with grain in them, so you can enjoy the rich taste of chewing in your mouth'),(632,'Dried Sweet Potato','3000','100% sweet potato flavor without any additives'),(633,'Mini Coco Crunch','1900','A product that harmonizes the sweetness of chocolate-flavored snacks with the softness of milk cream'),(634,'Vanilla Wafers','2200','Wappers with a familiar taste that everyone likes'),(635,'Mini Pretzel Stir-fried Seafood','1200','On top of a pretzel-shaped snack that is more savory as you chew it, a snack that combines the savory and salty taste of the stir-fried seasoning and wasabi\'s unique pungent pungent taste'),(636,'Mini Pretzel Wasabi','1200','A snack that combines the color of a dark branch with the unique taste of wasabi in pretzel, a snack shaped like two \'arms\' split from a knot woven in the middle'),(637,'Icecone Chocolate','4000','a savory, crispy cone-shaped snack baked directly in the oven without frying'),(638,'Icecone Yogurt','4000','It is a product for children with a thin cone shape and a good grip, and consists of original chocolate and sweet and sour yogurt flavor'),(639,'Spicy Rose Grilled Rice Ball','2000','A chewy and savory oven-baked rice ball with spicy and soft rose tteokbokki sauce and soft mozzarella cheese'),(640,'Carbonara Grilled Rice Ball','2000','A chewy and savory oven-baked rice ball that blends carbonara sauce with soft bacon mozzarella cheese'),(641,'Mushroom Soup','3700','A soft scoop soup that allows you to enjoy the rich taste and texture of finely chopped mushrooms'),(642,'Corn Soup','3700','A soft scoop of soup to enjoy the sweet taste and texture of the rich corn'),(643,'Chocolat Chunk Cookie','2100','A cookie rich in dark and soft chocolate chips, a special cookie made with Ediya\'s own dough mix'),(644,'White Chocolat Macadamia Cookie','1900','A cookie that blends the savory taste of macadamia nuts with the sweetness of white chocolate. A special cookie made from Ediya\'s dough mix'),(645,'Chocolate Macaroon','2500','It\'s a macaron that\'s crispy on the outside and chewy on the inside'),(646,'Raspberry Macaroon','2500','It\'s a macaron that\'s crispy on the outside and chewy on the inside with a sweet and sour raspberry jam'),(647,'Vanilla Macaroon','2500','It\'s a macaron that has vanilla bean in it and is crispy on the outside and chewy on the inside'),(648,'StrawBerry Cheese Macaron','2800','A sweet macaron with a rich cream cheese flavor and strawberry puree hidden inside'),(649,'Earl Grey Chocolate Macaron','2800','A macaron that combines richly flavored earl grey cream with rich chocolate ganache to feel the soft sweetness of milk tea'),(650,'Cookie and Cream Macaron','2800','A sweet macaron with crispy chocolate cookies and soft cookie-flavored butter cream'),(651,'Ediya E-Nuts','1400','Ediya\'s Nuts Are Easy to Enjoy Everyday'),(652,'Ham and cheese Sandwich','2100','Taiwanese sandwich made with sweet butter cream sauce, cheese and smoke ham in moist and soft bread'),(653,'Egg Bacon Guacamole Sandwich','5000','It\'s a combination of moist guacamole salad and crispy bacon, cheese, and fried eggs between crispy outside and soft inside'),(654,'Pepperoni Pizza Sandwich','5000','Between crispy outside and soft inside, tomato sauce, bulgogi, and chewy mozzarella cheese harmonize with pepperoni'),(655,'Choco Tiramisu Cake','4500','A menu that combines cream cheese and sweet chocolate and adds depth to the taste with dark and fine cocoa powder'),(656,'Soufle Cheese Cake','4500','A cake with cheese\'s unique softness and moisture'),(657,'Devil\'s Choco Cake ','4500','A chocolate cake made of thick chocolate and cocoa sheets'),(658,'Spoon up Tiramisu','4400','Tiramisu cake topped with mascarpote cheese mousse and cocoa powder soaked in rich espresso syrup in ladyfinger, an authentic Italian cookie'),(659,'Mille crepe Cake','4500','A cake with soft cream that feels like layers between moist crepe sheets that have been carefully baked one by one'),(660,'Hot Chicken Burrito','4200','Mexican food with spicy chicken for a hearty meal'),(661,'Bulgogi Burrito','4200','Fusion Mexican food that\'s good for a meal with Korean bulgogi'),(662,'Maple Nut Bread','5400','Addictive honey bread with maple flavored bread with rich whipped cream and healthy walnuts and almonds'),(663,'Honey Caramel Bread','5200','Softened honey bread with soft cinnamon and dark caramel coating with whipped cream'),(664,'Garlic Cheese Bread','5400','It is a product that you can enjoy with moist bread with crispy garlic chips on thick cheddar cheese that goes well with rich garlic butter spread'),(665,'Whipped Cream Waffle','2900','A menu where you can enjoy the sweetness of chewy waffles and whipped cream'),(666,'Original Hot Bun','2900','The combination of warm coffee cream and butter melted in the bread is an original bun with a sweet and salty taste'),(667,'Plain Waffle','2700','Authentic Belgian waffle where you can enjoy the light and chewy taste'),(668,'Dalgona Icecream Waffle','4300','A menu that adds soft and sweet ice cream to chewy waffles and deep and deep flavor and crispy texture of sweet and sour dalgona'),(669,'Prezle','2700','Ediya\'s signature popular menu, where the sweet cream cheese hidden in the pretzel melts and the soft scent comes to life'),(670,'Blueberry Bagel','2500','It has a lot of healthy blueberries on its back, so if you take a bite, it spreads the scent of blueberries in your mouth'),(671,'Plain Bagel','2500','A light, chewy bagel that is good for breakfast'),(672,'Onion Bagel','2500','Popular bagels flavored with onions that suit Koreans\' tastes'),(673,'Plain Cheese Stick Cake','2400','A product that adds a soft and savory flavor to the cake sheet and a cheesecake containing cream cheese to enjoy the deep and rich flavor of cream cheese'),(674,'Blueberry Stick Cake','2400','Ediya\'s blueberry cheese stick cake with real blueberries on top of a rich cheesecake with cream cheese that gives you a soft and fresh taste'),(675,'Snow Cookie Choux','2100','Ediya dessert with soft, cool cream and crispy cookies'),(676,'Chocolate Chip Muffin','2500','Muffin, especially popular with women, with a whole thick and sweet chocolate'),(677,'Cream Cheese Muffin','2500','Muffin that stimulates appetite with its unique taste and scent of light cheese'),(678,'Blueberry Muffin','2500','You can see the big blueberries, so it looks more delicious'),(679,'Maple Waffle ','3200','A menu with savory waffles and sweet maple scent that spreads gently in your mouth'),(680,'Cream Cheese Waffle','3400','With waffles, you can enjoy a deeper taste by adding a savory and rich cream cheese flavor'),(681,'Croque Monsieur','4700','It contains ham and cheese, so you can enjoy a light and savory taste, and it\'s a good substitute for a meal'),(682,'English Muffin','3700','Fluffy English muffins with eggs, ham and cheese. And Holmustard-coated British Archin meal replacement'),(683,'Croissant','2900','It is a croissant rolled with plenty of French butter, and you can feel the savory and light taste of butter'),(684,'Hot Cheese Bun','2600','It has a soft cream cheese filling, so it\'s more fragrant and goes well with coffee');
/*!40000 ALTER TABLE `tb_menu_e` ENABLE KEYS */;
UNLOCK TABLES;

--
-- Table structure for table `tb_menu_op`
--

DROP TABLE IF EXISTS `tb_menu_op`;
/*!40101 SET @saved_cs_client     = @@character_set_client */;
/*!50503 SET character_set_client = utf8mb4 */;
CREATE TABLE `tb_menu_op` (
  `Menu_Num` int DEFAULT NULL,
  `Op_Num` int DEFAULT NULL,
  KEY `Menu_Num` (`Menu_Num`),
  KEY `Op_Num` (`Op_Num`),
  CONSTRAINT `tb_menu_op_ibfk_1` FOREIGN KEY (`Menu_Num`) REFERENCES `tb_menu` (`Menu_Num`),
  CONSTRAINT `tb_menu_op_ibfk_2` FOREIGN KEY (`Op_Num`) REFERENCES `tb_op` (`Op_Num`)
) ENGINE=InnoDB DEFAULT CHARSET=utf8mb4 COLLATE=utf8mb4_unicode_ci;
/*!40101 SET character_set_client = @saved_cs_client */;

--
-- Dumping data for table `tb_menu_op`
--

LOCK TABLES `tb_menu_op` WRITE;
/*!40000 ALTER TABLE `tb_menu_op` DISABLE KEYS */;
INSERT INTO `tb_menu_op` VALUES (101,1),(101,3),(101,5),(101,6),(101,7),(101,8),(101,9),(101,10),(101,11),(101,12),(102,1),(102,3),(102,5),(102,6),(102,7),(102,8),(102,9),(102,10),(102,11),(102,12),(103,1),(103,3),(103,5),(103,6),(103,7),(103,8),(103,9),(103,10),(103,11),(103,12),(104,2),(104,3),(104,5),(104,6),(104,7),(104,8),(104,9),(104,10),(104,11),(104,12),(105,1),(105,2),(105,3),(105,4),(105,5),(105,6),(105,7),(105,8),(105,9),(105,10),(105,11),(105,12),(106,1),(106,2),(106,3),(106,4),(106,5),(106,6),(106,7),(106,8),(106,9),(106,10),(106,11),(106,12),(107,1),(107,2),(107,3),(107,4),(107,5),(107,6),(107,7),(107,8),(107,9),(107,10),(107,11),(107,12),(108,1),(108,2),(108,3),(108,4),(108,5),(108,6),(108,7),(108,8),(108,9),(108,10),(108,11),(108,12),(109,1),(109,2),(109,3),(109,4),(109,5),(109,6),(109,7),(109,8),(109,9),(109,10),(109,11),(109,12),(110,1),(110,2),(110,3),(110,4),(110,5),(110,6),(110,7),(110,8),(110,9),(110,10),(110,11),(110,12),(111,1),(111,2),(111,3),(111,4),(111,5),(111,6),(111,7),(111,8),(111,9),(111,10),(111,11),(111,12),(112,1),(112,2),(112,3),(112,4),(112,5),(112,6),(112,7),(112,8),(112,9),(112,10),(112,11),(112,12),(113,1),(113,2),(113,3),(113,5),(113,6),(113,7),(113,8),(113,9),(113,10),(113,11),(113,12),(114,2),(114,3),(114,5),(114,6),(114,7),(114,8),(114,9),(114,10),(114,11),(114,12),(201,1),(201,2),(201,3),(201,4),(201,5),(201,6),(201,7),(201,8),(201,9),(201,10),(201,11),(201,12),(202,1),(202,2),(202,3),(202,5),(202,6),(202,7),(202,8),(202,9),(202,10),(202,11),(202,12),(203,1),(203,2),(203,3),(203,4),(203,5),(203,6),(203,7),(203,8),(203,9),(203,10),(203,11),(203,12),(204,1),(204,2),(204,3),(204,4),(204,5),(204,6),(204,7),(204,8),(204,9),(204,10),(204,11),(204,12),(205,1),(205,2),(205,3),(205,4),(205,5),(205,6),(205,7),(205,8),(205,9),(205,10),(205,11),(205,12),(206,1),(206,2),(206,3),(206,4),(206,5),(206,6),(206,7),(206,8),(206,9),(206,10),(206,11),(206,12),(207,2),(207,3),(207,4),(207,5),(207,6),(207,7),(207,8),(207,9),(207,10),(207,11),(207,12),(208,1),(208,2),(208,3),(208,4),(208,5),(208,6),(208,7),(208,8),(208,9),(208,10),(208,11),(208,12),(209,2),(209,3),(209,4),(209,5),(209,6),(209,7),(209,8),(209,9),(209,10),(209,11),(209,12),(210,1),(210,2),(210,3),(210,4),(210,5),(210,6),(210,7),(210,8),(210,9),(210,10),(210,11),(210,12),(211,1),(211,2),(211,3),(211,4),(211,5),(211,6),(211,7),(211,8),(211,9),(211,10),(211,11),(211,12),(213,2),(213,3),(213,4),(213,5),(213,6),(213,7),(213,8),(213,9),(213,10),(213,11),(213,12),(214,2),(214,3),(214,4),(214,5),(214,6),(214,7),(214,8),(214,9),(214,10),(214,11),(214,12),(215,2),(215,3),(215,4),(215,5),(215,6),(215,7),(215,8),(215,9),(215,10),(215,11),(215,12),(216,2),(216,3),(216,4),(216,5),(216,6),(216,7),(216,8),(216,9),(216,10),(216,11),(216,12),(217,2),(217,3),(217,4),(217,5),(217,6),(217,7),(217,8),(217,9),(217,10),(217,11),(217,12),(301,1),(301,2),(301,3),(301,4),(301,5),(301,6),(301,7),(301,8),(301,9),(301,10),(301,11),(301,12),(302,1),(302,2),(302,3),(302,4),(302,5),(302,6),(302,7),(302,8),(302,9),(302,10),(302,11),(302,12),(303,1),(303,2),(303,3),(303,4),(303,5),(303,6),(303,7),(303,8),(303,9),(303,10),(303,11),(303,12),(304,1),(304,2),(304,3),(304,4),(304,5),(304,6),(304,7),(304,8),(304,9),(304,10),(304,11),(304,12),(305,1),(305,2),(305,3),(305,4),(305,5),(305,6),(305,7),(305,8),(305,9),(305,10),(305,11),(305,12),(306,2),(306,3),(306,4),(306,5),(306,6),(306,7),(306,8),(306,9),(306,10),(306,11),(306,12),(307,1),(307,3),(307,5),(307,6),(307,7),(307,8),(307,9),(307,10),(307,11),(307,12),(308,1),(308,2),(308,3),(308,4),(308,5),(308,6),(308,7),(308,8),(308,9),(308,10),(308,11),(308,12),(309,1),(309,3),(309,5),(309,6),(309,7),(309,8),(309,9),(309,10),(309,11),(309,12),(310,1),(310,2),(310,3),(310,4),(310,5),(310,6),(310,7),(310,8),(310,9),(310,10),(310,11),(310,12),(311,1),(311,3),(311,5),(311,6),(311,7),(311,8),(311,9),(311,10),(311,11),(311,12),(312,1),(312,2),(312,3),(312,4),(312,5),(312,6),(312,7),(312,8),(312,9),(312,10),(312,11),(312,12),(313,2),(313,3),(313,4),(313,5),(313,6),(313,7),(313,8),(313,9),(313,10),(313,11),(313,12),(314,2),(314,3),(314,4),(314,5),(314,6),(314,7),(314,8),(314,9),(314,10),(314,11),(314,12),(401,2),(401,3),(401,4),(401,5),(401,6),(401,7),(401,8),(401,9),(401,10),(401,11),(401,12),(402,2),(402,3),(402,4),(402,5),(402,6),(402,7),(402,8),(402,9),(402,10),(402,11),(402,12),(403,2),(403,3),(403,4),(403,5),(403,6),(403,7),(403,8),(403,9),(403,10),(403,11),(403,12),(404,2),(404,3),(404,4),(404,5),(404,6),(404,7),(404,8),(404,9),(404,10),(404,11),(404,12),(405,2),(405,3),(405,4),(405,5),(405,6),(405,7),(405,8),(405,9),(405,10),(405,11),(405,12),(406,2),(406,3),(406,4),(406,5),(406,6),(406,7),(406,8),(406,9),(406,10),(406,11),(406,12),(407,2),(407,3),(407,4),(407,5),(407,6),(407,7),(407,8),(407,9),(407,10),(407,11),(407,12),(408,2),(408,3),(408,4),(408,5),(408,6),(408,7),(408,8),(408,9),(408,10),(408,11),(408,12),(409,2),(409,3),(409,4),(409,5),(409,6),(409,7),(409,8),(409,9),(409,10),(409,11),(409,12),(501,2),(501,3),(501,4),(501,5),(501,6),(501,7),(501,8),(501,9),(501,10),(501,11),(501,12),(502,2),(502,3),(502,4),(502,5),(502,6),(502,7),(502,8),(502,9),(502,10),(502,11),(502,12),(503,2),(503,3),(503,4),(503,5),(503,6),(503,7),(503,8),(503,9),(503,10),(503,11),(503,12),(504,2),(504,3),(504,4),(504,5),(504,6),(504,7),(504,8),(504,9),(504,10),(504,11),(504,12),(505,2),(505,3),(505,4),(505,5),(505,6),(505,7),(505,8),(505,9),(505,10),(505,11),(505,12),(506,2),(506,3),(506,5),(506,6),(506,7),(506,8),(506,9),(506,10),(506,11),(506,12),(507,2),(507,3),(507,5),(507,6),(507,7),(507,8),(507,9),(507,10),(507,11),(507,12),(508,2),(508,3),(508,5),(508,6),(508,7),(508,8),(508,9),(508,10),(508,11),(508,12),(509,2),(509,3),(509,5),(509,6),(509,7),(509,8),(509,9),(509,10),(509,11),(509,12),(510,2),(510,3),(510,5),(510,6),(510,7),(510,8),(510,9),(510,10),(510,11),(510,12);
/*!40000 ALTER TABLE `tb_menu_op` ENABLE KEYS */;
UNLOCK TABLES;

--
-- Table structure for table `tb_menu_op_e`
--

DROP TABLE IF EXISTS `tb_menu_op_e`;
/*!40101 SET @saved_cs_client     = @@character_set_client */;
/*!50503 SET character_set_client = utf8mb4 */;
CREATE TABLE `tb_menu_op_e` (
  `Menu_Num` int DEFAULT NULL,
  `Op_Num` int DEFAULT NULL,
  KEY `Menu_Num` (`Menu_Num`),
  KEY `Op_Num` (`Op_Num`),
  CONSTRAINT `tb_menu_op_e_ibfk_1` FOREIGN KEY (`Menu_Num`) REFERENCES `tb_menu_e` (`Menu_Num`),
  CONSTRAINT `tb_menu_op_e_ibfk_2` FOREIGN KEY (`Op_Num`) REFERENCES `tb_op_e` (`Op_Num`)
) ENGINE=InnoDB DEFAULT CHARSET=utf8mb4 COLLATE=utf8mb4_unicode_ci;
/*!40101 SET character_set_client = @saved_cs_client */;

--
-- Dumping data for table `tb_menu_op_e`
--

LOCK TABLES `tb_menu_op_e` WRITE;
/*!40000 ALTER TABLE `tb_menu_op_e` DISABLE KEYS */;
INSERT INTO `tb_menu_op_e` VALUES (101,1),(101,3),(101,5),(101,6),(101,7),(101,8),(101,9),(101,10),(101,11),(101,12),(102,1),(102,3),(102,5),(102,6),(102,7),(102,8),(102,9),(102,10),(102,11),(102,12),(103,1),(103,3),(103,5),(103,6),(103,7),(103,8),(103,9),(103,10),(103,11),(103,12),(104,2),(104,3),(104,5),(104,6),(104,7),(104,8),(104,9),(104,10),(104,11),(104,12),(105,1),(105,2),(105,3),(105,4),(105,5),(105,6),(105,7),(105,8),(105,9),(105,10),(105,11),(105,12),(106,1),(106,2),(106,3),(106,4),(106,5),(106,6),(106,7),(106,8),(106,9),(106,10),(106,11),(106,12),(107,1),(107,2),(107,3),(107,4),(107,5),(107,6),(107,7),(107,8),(107,9),(107,10),(107,11),(107,12),(108,1),(108,2),(108,3),(108,4),(108,5),(108,6),(108,7),(108,8),(108,9),(108,10),(108,11),(108,12),(109,1),(109,2),(109,3),(109,4),(109,5),(109,6),(109,7),(109,8),(109,9),(109,10),(109,11),(109,12),(110,1),(110,2),(110,3),(110,4),(110,5),(110,6),(110,7),(110,8),(110,9),(110,10),(110,11),(110,12),(111,1),(111,2),(111,3),(111,4),(111,5),(111,6),(111,7),(111,8),(111,9),(111,10),(111,11),(111,12),(112,1),(112,2),(112,3),(112,4),(112,5),(112,6),(112,7),(112,8),(112,9),(112,10),(112,11),(112,12),(113,1),(113,2),(113,3),(113,5),(113,6),(113,7),(113,8),(113,9),(113,10),(113,11),(113,12),(114,2),(114,3),(114,5),(114,6),(114,7),(114,8),(114,9),(114,10),(114,11),(114,12),(201,1),(201,2),(201,3),(201,4),(201,5),(201,6),(201,7),(201,8),(201,9),(201,10),(201,11),(201,12),(202,1),(202,2),(202,3),(202,5),(202,6),(202,7),(202,8),(202,9),(202,10),(202,11),(202,12),(203,1),(203,2),(203,3),(203,4),(203,5),(203,6),(203,7),(203,8),(203,9),(203,10),(203,11),(203,12),(204,1),(204,2),(204,3),(204,4),(204,5),(204,6),(204,7),(204,8),(204,9),(204,10),(204,11),(204,12),(205,1),(205,2),(205,3),(205,4),(205,5),(205,6),(205,7),(205,8),(205,9),(205,10),(205,11),(205,12),(206,1),(206,2),(206,3),(206,4),(206,5),(206,6),(206,7),(206,8),(206,9),(206,10),(206,11),(206,12),(207,2),(207,3),(207,4),(207,5),(207,6),(207,7),(207,8),(207,9),(207,10),(207,11),(207,12),(208,1),(208,2),(208,3),(208,4),(208,5),(208,6),(208,7),(208,8),(208,9),(208,10),(208,11),(208,12),(209,2),(209,3),(209,4),(209,5),(209,6),(209,7),(209,8),(209,9),(209,10),(209,11),(209,12),(210,1),(210,2),(210,3),(210,4),(210,5),(210,6),(210,7),(210,8),(210,9),(210,10),(210,11),(210,12),(211,1),(211,2),(211,3),(211,4),(211,5),(211,6),(211,7),(211,8),(211,9),(211,10),(211,11),(211,12),(213,2),(213,3),(213,4),(213,5),(213,6),(213,7),(213,8),(213,9),(213,10),(213,11),(213,12),(214,2),(214,3),(214,4),(214,5),(214,6),(214,7),(214,8),(214,9),(214,10),(214,11),(214,12),(215,2),(215,3),(215,4),(215,5),(215,6),(215,7),(215,8),(215,9),(215,10),(215,11),(215,12),(216,2),(216,3),(216,4),(216,5),(216,6),(216,7),(216,8),(216,9),(216,10),(216,11),(216,12),(217,2),(217,3),(217,4),(217,5),(217,6),(217,7),(217,8),(217,9),(217,10),(217,11),(217,12),(301,1),(301,2),(301,3),(301,4),(301,5),(301,6),(301,7),(301,8),(301,9),(301,10),(301,11),(301,12),(302,1),(302,2),(302,3),(302,4),(302,5),(302,6),(302,7),(302,8),(302,9),(302,10),(302,11),(302,12),(303,1),(303,2),(303,3),(303,4),(303,5),(303,6),(303,7),(303,8),(303,9),(303,10),(303,11),(303,12),(304,1),(304,2),(304,3),(304,4),(304,5),(304,6),(304,7),(304,8),(304,9),(304,10),(304,11),(304,12),(305,1),(305,2),(305,3),(305,4),(305,5),(305,6),(305,7),(305,8),(305,9),(305,10),(305,11),(305,12),(306,2),(306,3),(306,4),(306,5),(306,6),(306,7),(306,8),(306,9),(306,10),(306,11),(306,12),(307,1),(307,3),(307,5),(307,6),(307,7),(307,8),(307,9),(307,10),(307,11),(307,12),(308,1),(308,2),(308,3),(308,4),(308,5),(308,6),(308,7),(308,8),(308,9),(308,10),(308,11),(308,12),(309,1),(309,3),(309,5),(309,6),(309,7),(309,8),(309,9),(309,10),(309,11),(309,12),(310,1),(310,2),(310,3),(310,4),(310,5),(310,6),(310,7),(310,8),(310,9),(310,10),(310,11),(310,12),(311,1),(311,3),(311,5),(311,6),(311,7),(311,8),(311,9),(311,10),(311,11),(311,12),(312,1),(312,2),(312,3),(312,4),(312,5),(312,6),(312,7),(312,8),(312,9),(312,10),(312,11),(312,12),(313,2),(313,3),(313,4),(313,5),(313,6),(313,7),(313,8),(313,9),(313,10),(313,11),(313,12),(314,2),(314,3),(314,4),(314,5),(314,6),(314,7),(314,8),(314,9),(314,10),(314,11),(314,12),(401,2),(401,3),(401,4),(401,5),(401,6),(401,7),(401,8),(401,9),(401,10),(401,11),(401,12),(402,2),(402,3),(402,4),(402,5),(402,6),(402,7),(402,8),(402,9),(402,10),(402,11),(402,12),(403,2),(403,3),(403,4),(403,5),(403,6),(403,7),(403,8),(403,9),(403,10),(403,11),(403,12),(404,2),(404,3),(404,4),(404,5),(404,6),(404,7),(404,8),(404,9),(404,10),(404,11),(404,12),(405,2),(405,3),(405,4),(405,5),(405,6),(405,7),(405,8),(405,9),(405,10),(405,11),(405,12),(406,2),(406,3),(406,4),(406,5),(406,6),(406,7),(406,8),(406,9),(406,10),(406,11),(406,12),(407,2),(407,3),(407,4),(407,5),(407,6),(407,7),(407,8),(407,9),(407,10),(407,11),(407,12),(408,2),(408,3),(408,4),(408,5),(408,6),(408,7),(408,8),(408,9),(408,10),(408,11),(408,12),(409,2),(409,3),(409,4),(409,5),(409,6),(409,7),(409,8),(409,9),(409,10),(409,11),(409,12),(501,2),(501,3),(501,4),(501,5),(501,6),(501,7),(501,8),(501,9),(501,10),(501,11),(501,12),(502,2),(502,3),(502,4),(502,5),(502,6),(502,7),(502,8),(502,9),(502,10),(502,11),(502,12),(503,2),(503,3),(503,4),(503,5),(503,6),(503,7),(503,8),(503,9),(503,10),(503,11),(503,12),(504,2),(504,3),(504,4),(504,5),(504,6),(504,7),(504,8),(504,9),(504,10),(504,11),(504,12),(505,2),(505,3),(505,4),(505,5),(505,6),(505,7),(505,8),(505,9),(505,10),(505,11),(505,12),(506,2),(506,3),(506,5),(506,6),(506,7),(506,8),(506,9),(506,10),(506,11),(506,12),(507,2),(507,3),(507,5),(507,6),(507,7),(507,8),(507,9),(507,10),(507,11),(507,12),(508,2),(508,3),(508,5),(508,6),(508,7),(508,8),(508,9),(508,10),(508,11),(508,12),(509,2),(509,3),(509,5),(509,6),(509,7),(509,8),(509,9),(509,10),(509,11),(509,12),(510,2),(510,3),(510,5),(510,6),(510,7),(510,8),(510,9),(510,10),(510,11),(510,12);
/*!40000 ALTER TABLE `tb_menu_op_e` ENABLE KEYS */;
UNLOCK TABLES;

--
-- Table structure for table `tb_op`
--

DROP TABLE IF EXISTS `tb_op`;
/*!40101 SET @saved_cs_client     = @@character_set_client */;
/*!50503 SET character_set_client = utf8mb4 */;
CREATE TABLE `tb_op` (
  `Op_Num` int NOT NULL,
  `Op_Name` varchar(20) CHARACTER SET utf8mb4 COLLATE utf8mb4_unicode_ci DEFAULT NULL,
  `Op_Price` varchar(20) CHARACTER SET utf8mb4 COLLATE utf8mb4_unicode_ci DEFAULT NULL,
  PRIMARY KEY (`Op_Num`)
) ENGINE=InnoDB DEFAULT CHARSET=utf8mb4 COLLATE=utf8mb4_unicode_ci;
/*!40101 SET character_set_client = @saved_cs_client */;

--
-- Dumping data for table `tb_op`
--

LOCK TABLES `tb_op` WRITE;
/*!40000 ALTER TABLE `tb_op` DISABLE KEYS */;
INSERT INTO `tb_op` VALUES (1,'뜨거움','0'),(2,'차가움','0'),(3,'기본 크기','0'),(4,'큰 크기','1200'),(5,'에스프레소 샷','500'),(6,'휘핑 크림','500'),(7,'초콜릿칩','500'),(8,'바닐라 시럽','300'),(9,'카라멜 시럽','300'),(10,'헤이즐넛 시럽','300'),(11,'아이리쉬 시럽','300'),(12,'마카다미아 시럽','300');
/*!40000 ALTER TABLE `tb_op` ENABLE KEYS */;
UNLOCK TABLES;

--
-- Table structure for table `tb_op_e`
--

DROP TABLE IF EXISTS `tb_op_e`;
/*!40101 SET @saved_cs_client     = @@character_set_client */;
/*!50503 SET character_set_client = utf8mb4 */;
CREATE TABLE `tb_op_e` (
  `Op_Num` int NOT NULL,
  `Op_name` varchar(20) CHARACTER SET utf8mb4 COLLATE utf8mb4_unicode_ci DEFAULT NULL,
  `Op_Price` varchar(20) CHARACTER SET utf8mb4 COLLATE utf8mb4_unicode_ci DEFAULT NULL,
  PRIMARY KEY (`Op_Num`)
) ENGINE=InnoDB DEFAULT CHARSET=utf8mb4 COLLATE=utf8mb4_unicode_ci;
/*!40101 SET character_set_client = @saved_cs_client */;

--
-- Dumping data for table `tb_op_e`
--

LOCK TABLES `tb_op_e` WRITE;
/*!40000 ALTER TABLE `tb_op_e` DISABLE KEYS */;
INSERT INTO `tb_op_e` VALUES (1,'HOT','0'),(2,'ICED','0'),(3,'basic size','0'),(4,'(EX) size','1200'),(5,'Espresso Shot','500'),(6,'Whipped Cream','500'),(7,'Chocolate Chip','500'),(8,'Vanilla Syrup','300'),(9,'Caramel Syrup','300'),(10,'Hazelnut Syrup','300'),(11,'Irish Syrup','300'),(12,'Macadamia Syrup','300');
/*!40000 ALTER TABLE `tb_op_e` ENABLE KEYS */;
UNLOCK TABLES;

--
-- Table structure for table `tb_order`
--

DROP TABLE IF EXISTS `tb_order`;
/*!40101 SET @saved_cs_client     = @@character_set_client */;
/*!50503 SET character_set_client = utf8mb4 */;
CREATE TABLE `tb_order` (
  `order_num` int NOT NULL AUTO_INCREMENT,
  `menu_num` int DEFAULT NULL,
  `count` int DEFAULT NULL,
  `op_t` int DEFAULT NULL,
  `op_s` int DEFAULT NULL,
  `op1` int DEFAULT NULL,
  `op2` int DEFAULT NULL,
  `op3` int DEFAULT NULL,
  `op4` int DEFAULT NULL,
  `op5` int DEFAULT NULL,
  `op6` int DEFAULT NULL,
  `op7` int DEFAULT NULL,
  `op8` int DEFAULT NULL,
  PRIMARY KEY (`order_num`),
  KEY `menu_num` (`menu_num`)
) ENGINE=MyISAM AUTO_INCREMENT=6 DEFAULT CHARSET=utf8mb4 COLLATE=utf8mb4_0900_ai_ci;
/*!40101 SET character_set_client = @saved_cs_client */;

--
-- Dumping data for table `tb_order`
--

LOCK TABLES `tb_order` WRITE;
/*!40000 ALTER TABLE `tb_order` DISABLE KEYS */;
INSERT INTO `tb_order` VALUES (1,206,1,1,4,0,0,0,0,0,0,0,0),(2,103,2,1,3,5,0,0,0,0,0,0,0),(3,303,4,1,4,6,7,0,0,0,0,0,0),(4,610,23,0,0,0,0,0,0,0,0,0,0),(5,402,3,2,3,5,6,7,8,9,10,11,12);
/*!40000 ALTER TABLE `tb_order` ENABLE KEYS */;
UNLOCK TABLES;
/*!40103 SET TIME_ZONE=@OLD_TIME_ZONE */;

/*!40101 SET SQL_MODE=@OLD_SQL_MODE */;
/*!40014 SET FOREIGN_KEY_CHECKS=@OLD_FOREIGN_KEY_CHECKS */;
/*!40014 SET UNIQUE_CHECKS=@OLD_UNIQUE_CHECKS */;
/*!40101 SET CHARACTER_SET_CLIENT=@OLD_CHARACTER_SET_CLIENT */;
/*!40101 SET CHARACTER_SET_RESULTS=@OLD_CHARACTER_SET_RESULTS */;
/*!40101 SET COLLATION_CONNECTION=@OLD_COLLATION_CONNECTION */;
/*!40111 SET SQL_NOTES=@OLD_SQL_NOTES */;

-- Dump completed on 2023-08-18 16:30:19
